Month,Company,Price,Volume
1/1/85,Apple,0.09514,175302400
2/1/85,Apple,0.09770,137737600
3/1/85,Apple,0.08490,247430400
4/1/85,Apple,0.07381,114060800
5/1/85,Apple,0.07125,57344000
6/1/85,Apple,0.05461,576016000
7/1/85,Apple,0.06186,103443200
8/1/85,Apple,0.05418,51564800
9/1/85,Apple,0.05034,37452800
10/1/85,Apple,0.05375,88345600
11/1/85,Apple,0.06357,92556800
12/1/85,Apple,0.06911,100195200
1/1/86,Apple,0.07594,117420800
2/1/86,Apple,0.08148,350022400
3/1/86,Apple,0.08404,108819200
4/1/86,Apple,0.09300,222723200
5/1/86,Apple,0.10324,257936000
6/1/86,Apple,0.12671,199248000
7/1/86,Apple,0.12073,87718400
8/1/86,Apple,0.10708,150080000
9/1/86,Apple,0.11860,232960000
10/1/86,Apple,0.11647,138588800
11/1/86,Apple,0.11945,151827200
12/1/86,Apple,0.13694,347200000
1/1/87,Apple,0.13950,120870400
2/1/87,Apple,0.19070,246400000
3/1/87,Apple,0.23037,396480000
4/1/87,Apple,0.22781,217862400
5/1/87,Apple,0.27304,132720000
6/1/87,Apple,0.26576,83305600
7/1/87,Apple,0.27345,94830400
8/1/87,Apple,0.27516,63358400
9/1/87,Apple,0.35937,138880000
10/1/87,Apple,0.39873,116480000
11/1/87,Apple,0.26525,188160000
12/1/87,Apple,0.22810,181440000
1/1/88,Apple,0.30699,330400000
2/1/88,Apple,0.28641,199360000
3/1/88,Apple,0.29728,171360000
4/1/88,Apple,0.26635,181440000
5/1/88,Apple,0.28182,82196800
6/1/88,Apple,0.29271,229600000
7/1/88,Apple,0.32026,94539200
8/1/88,Apple,0.30992,85937600
9/1/88,Apple,0.26824,246736000
10/1/88,Apple,0.29326,90776000
11/1/88,Apple,0.26221,143696000
12/1/88,Apple,0.26809,212161600
1/1/89,Apple,0.27933,100016000
2/1/89,Apple,0.27155,487558400
3/1/89,Apple,0.24975,170128000
4/1/89,Apple,0.24281,166286400
5/1/89,Apple,0.27056,80662400
6/1/89,Apple,0.33894,179502400
7/1/89,Apple,0.28332,48350400
8/1/89,Apple,0.27724,139540800
9/1/89,Apple,0.31100,74121600
10/1/89,Apple,0.30926,137401600
11/1/89,Apple,0.32145,61185600
12/1/89,Apple,0.30740,146227200
1/1/90,Apple,0.26024,183198400
2/1/90,Apple,0.23492,117073600
3/1/90,Apple,0.24005,203896000
4/1/90,Apple,0.28211,148769600
5/1/90,Apple,0.27773,163609600
6/1/90,Apple,0.28640,157236800
7/1/90,Apple,0.30924,135408000
8/1/90,Apple,0.29782,93508800
9/1/90,Apple,0.26083,82745600
10/1/90,Apple,0.21501,155657600
11/1/90,Apple,0.21501,90652800
12/1/90,Apple,0.26966,165401600
1/1/91,Apple,0.30768,154985600
2/1/91,Apple,0.39433,444550400
3/1/91,Apple,0.40933,126134400
4/1/91,Apple,0.48553,117924800
5/1/91,Apple,0.33491,1868372800
6/1/91,Apple,0.34998,220068800
7/1/91,Apple,0.30201,194824000
8/1/91,Apple,0.34909,448425600
9/1/91,Apple,0.37391,68376000
10/1/91,Apple,0.36145,131376000
11/1/91,Apple,0.36323,201264000
12/1/91,Apple,0.36946,118899200
1/1/92,Apple,0.42479,233632000
2/1/92,Apple,0.46941,158132800
3/1/92,Apple,0.48102,89252800
4/1/92,Apple,0.42201,159656000
5/1/92,Apple,0.42379,134377600
6/1/92,Apple,0.41210,248046400
7/1/92,Apple,0.35118,143528000
8/1/92,Apple,0.32789,68544000
9/1/92,Apple,0.33416,60289600
10/1/92,Apple,0.31799,122729600
11/1/92,Apple,0.37548,170094400
12/1/92,Apple,0.41949,130144000
1/1/93,Apple,0.41949,129136000
2/1/93,Apple,0.44110,240553600
3/1/93,Apple,0.38432,119302400
4/1/93,Apple,0.37350,108203200
5/1/93,Apple,0.37440,65184000
6/1/93,Apple,0.41225,135072000
7/1/93,Apple,0.27483,218164800
8/1/93,Apple,0.20612,216305600
9/1/93,Apple,0.18978,225568000
10/1/93,Apple,0.16526,335988800
11/1/93,Apple,0.22882,105974400
12/1/93,Apple,0.22964,111216000
1/1/94,Apple,0.21780,181529600
2/1/94,Apple,0.24240,156721600
3/1/94,Apple,0.26522,211870400
4/1/94,Apple,0.24327,168302400
5/1/94,Apple,0.22681,123222400
6/1/94,Apple,0.20751,385761600
7/1/94,Apple,0.18914,179278400
8/1/94,Apple,0.24515,229275200
9/1/94,Apple,0.25798,204288000
10/1/94,Apple,0.24416,129595200
11/1/94,Apple,0.31787,218097600
12/1/94,Apple,0.26753,309321600
1/1/95,Apple,0.28371,103868800
2/1/95,Apple,0.29664,158368000
3/1/95,Apple,0.29653,224448000
4/1/95,Apple,0.26317,154302400
5/1/95,Apple,0.28356,177956800
6/1/95,Apple,0.31362,186726400
7/1/95,Apple,0.34893,39390400
8/1/95,Apple,0.32337,210918400
9/1/95,Apple,0.32006,98380800
10/1/95,Apple,0.28046,392000000
11/1/95,Apple,0.27301,193233600
12/1/95,Apple,0.28134,204209600
1/1/96,Apple,0.24021,139294400
2/1/96,Apple,0.21217,333043200
3/1/96,Apple,0.20096,231134400
4/1/96,Apple,0.19067,158636800
5/1/96,Apple,0.18226,112705600
6/1/96,Apple,0.18507,125462400
7/1/96,Apple,0.16076,131980800
8/1/96,Apple,0.15889,110163200
9/1/96,Apple,0.18039,68297600
10/1/96,Apple,0.18413,539246400
11/1/96,Apple,0.18133,211332800
12/1/96,Apple,0.18787,174977600
1/1/97,Apple,0.15703,143113600
2/1/97,Apple,0.12197,368110400
3/1/97,Apple,0.12057,130457600
4/1/97,Apple,0.13085,220259200
5/1/97,Apple,0.12712,72340800
6/1/97,Apple,0.12665,41585600
7/1/97,Apple,0.09861,450676800
8/1/97,Apple,0.14347,481913600
9/1/97,Apple,0.16731,186043200
10/1/97,Apple,0.16100,130468800
11/1/97,Apple,0.12992,126011200
12/1/97,Apple,0.13272,87236800
1/1/98,Apple,0.12151,718110400
2/1/98,Apple,0.13226,636742400
3/1/98,Apple,0.17011,400444800
4/1/98,Apple,0.20563,186883200
5/1/98,Apple,0.20937,184072000
6/1/98,Apple,0.19628,319692800
7/1/98,Apple,0.22385,314115200
8/1/98,Apple,0.26264,301761600
9/1/98,Apple,0.25517,869075200
10/1/98,Apple,0.26685,370216000
11/1/98,Apple,0.28134,253769600
12/1/98,Apple,0.25517,865737600
1/1/99,Apple,0.30844,952884800
2/1/99,Apple,0.30611,278913600
3/1/99,Apple,0.25236,487827200
4/1/99,Apple,0.26965,262057600
5/1/99,Apple,0.37060,1470436800
6/1/99,Apple,0.33508,461025600
7/1/99,Apple,0.33882,149217600
8/1/99,Apple,0.41687,362443200
9/1/99,Apple,0.51314,788625600
10/1/99,Apple,0.46150,614790400
11/1/99,Apple,0.58043,278577600
12/1/99,Apple,0.77064,618564800
1/1/00,Apple,0.83700,535796800
2/1/00,Apple,0.74961,318035200
3/1/00,Apple,0.97440,1077003200
4/1/00,Apple,0.99683,328563200
5/1/00,Apple,0.92954,226195200
6/1/00,Apple,0.66642,903840000
7/1/00,Apple,0.79728,70828800
8/1/00,Apple,0.73746,137284000
9/1/00,Apple,0.94870,256872000
10/1/00,Apple,0.36265,2424788800
11/1/00,Apple,0.30657,575366400
12/1/00,Apple,0.25517,385705600
1/1/01,Apple,0.22245,452312000
2/1/01,Apple,0.31592,369695200
3/1/01,Apple,0.28040,330461600
4/1/01,Apple,0.32287,340911200
5/1/01,Apple,0.38778,427252000
6/1/01,Apple,0.31241,456075200
7/1/01,Apple,0.35742,230048000
8/1/01,Apple,0.28504,304136000
9/1/01,Apple,0.27293,348213600
10/1/01,Apple,0.23240,208208000
11/1/01,Apple,0.27801,312995200
12/1/01,Apple,0.31480,181165600
1/1/02,Apple,0.34845,529496800
2/1/02,Apple,0.36505,398305600
3/1/02,Apple,0.35069,348992000
4/1/02,Apple,0.36580,199046400
5/1/02,Apple,0.35862,214704000
6/1/02,Apple,0.34261,235110400
7/1/02,Apple,0.25513,222689600
8/1/02,Apple,0.22133,228956000
9/1/02,Apple,0.21012,276936800
10/1/02,Apple,0.21699,342423200
11/1/02,Apple,0.24466,189828800
12/1/02,Apple,0.22701,398742400
1/1/03,Apple,0.22133,181428800
2/1/03,Apple,0.21924,264784800
3/1/03,Apple,0.21909,203761600
4/1/03,Apple,0.21176,154341600
5/1/03,Apple,0.21475,342759200
6/1/03,Apple,0.26096,418588800
7/1/03,Apple,0.28549,180992000
8/1/03,Apple,0.31001,149604000
9/1/03,Apple,0.34172,242132800
10/1/03,Apple,0.31091,236112800
11/1/03,Apple,0.34620,302842400
12/1/03,Apple,0.32467,361536000
1/1/04,Apple,0.31824,144642400
2/1/04,Apple,0.33379,287431200
3/1/04,Apple,0.35921,321680800
4/1/04,Apple,0.40542,318332000
5/1/04,Apple,0.38987,297634400
6/1/04,Apple,0.41963,182134400
7/1/04,Apple,0.48304,341941600
8/1/04,Apple,0.47227,365092000
9/1/04,Apple,0.53628,515726400
10/1/04,Apple,0.57830,465404800
11/1/04,Apple,0.78438,602050400
12/1/04,Apple,1.01379,800553600
1/1/05,Apple,0.94649,691992000
2/1/05,Apple,1.15945,678395200
3/1/05,Apple,1.33098,468188000
4/1/05,Apple,1.22300,641284000
5/1/05,Apple,1.08961,465920000
6/1/05,Apple,1.20536,453812800
7/1/05,Apple,1.09170,250000800
8/1/05,Apple,1.27864,314249600
9/1/05,Apple,1.38362,356367200
10/1/05,Apple,1.62828,507553200
11/1/05,Apple,1.71980,749686000
12/1/05,Apple,2.14153,812893200
1/1/06,Apple,2.23575,807234400
2/1/06,Apple,2.25578,521186400
3/1/06,Apple,2.06676,763817600
4/1/06,Apple,1.87384,815791200
5/1/06,Apple,2.08171,750380400
6/1/06,Apple,1.85948,942508000
7/1/06,Apple,1.73326,194770800
8/1/06,Apple,2.00933,711765600
9/1/06,Apple,2.04522,408494800
10/1/06,Apple,2.23903,712639200
11/1/06,Apple,2.36765,611192400
12/1/06,Apple,2.73135,795079600
1/1/07,Apple,2.50643,1238319600
2/1/07,Apple,2.53454,664342000
3/1/07,Apple,2.60393,1415528800
4/1/07,Apple,2.80104,501992400
5/1/07,Apple,2.97511,532523600
6/1/07,Apple,3.54130,885262000
7/1/07,Apple,3.62684,994862400
8/1/07,Apple,4.03780,1750156800
9/1/07,Apple,4.31177,1316842800
10/1/07,Apple,4.67607,837068400
11/1/07,Apple,5.60626,805036400
12/1/07,Apple,5.34964,961469600
1/1/08,Apple,5.82759,1079178800
2/1/08,Apple,4.00041,1010744000
3/1/08,Apple,3.64090,1593043200
4/1/08,Apple,4.47239,1032567200
5/1/08,Apple,5.38373,903576800
6/1/08,Apple,5.56618,679840000
7/1/08,Apple,5.22461,1111280800
8/1/08,Apple,4.68564,544639200
9/1/08,Apple,4.97068,780763200
10/1/08,Apple,3.26374,1296484000
11/1/08,Apple,3.19914,1057938000
12/1/08,Apple,2.65986,923767600
1/1/09,Apple,2.71430,746015200
2/1/09,Apple,2.73703,558247200
3/1/09,Apple,2.63025,770929600
4/1/09,Apple,3.25088,589372000
5/1/09,Apple,3.80570,397516000
6/1/09,Apple,4.16791,452499600
7/1/09,Apple,4.27199,414178800
8/1/09,Apple,4.97786,394240000
9/1/09,Apple,4.94406,469028000
10/1/09,Apple,5.40946,524711600
11/1/09,Apple,5.66219,678983200
12/1/09,Apple,5.89130,465763200
1/1/10,Apple,6.40096,493729600
2/1/10,Apple,5.82430,749876400
3/1/10,Apple,6.25081,550093600
4/1/10,Apple,7.05778,603145200
5/1/10,Apple,7.96643,454342000
6/1/10,Apple,7.80133,876472800
7/1/10,Apple,7.43194,1022896000
8/1/10,Apple,7.83184,428055600
9/1/10,Apple,7.48728,697037600
10/1/10,Apple,8.45007,448142800
11/1/10,Apple,9.09791,423889200
12/1/10,Apple,9.46341,461750800
1/1/11,Apple,9.85732,445138400
2/1/11,Apple,10.31972,426633200
3/1/11,Apple,10.44773,456136800
4/1/11,Apple,10.30566,418661600
5/1/11,Apple,10.35711,442713600
6/1/11,Apple,10.33408,554682800
7/1/11,Apple,10.26678,435313200
8/1/11,Apple,11.86664,612836000
9/1/11,Apple,11.39646,343725200
10/1/11,Apple,11.20415,669099200
11/1/11,Apple,11.85947,531790000
12/1/11,Apple,11.60284,387181200
1/1/12,Apple,12.29974,302220800
2/1/12,Apple,13.64447,270046000
3/1/12,Apple,16.28489,683270000
4/1/12,Apple,18.50300,598351600
5/1/12,Apple,17.41130,610999200
6/1/12,Apple,16.77901,520987600
7/1/12,Apple,17.72206,400092000
8/1/12,Apple,18.14946,384501600
9/1/12,Apple,20.27478,367892000
10/1/12,Apple,19.80679,543594800
11/1/12,Apple,17.91890,361298000
12/1/12,Apple,17.68843,364280000
1/1/13,Apple,16.56711,560518000
2/1/13,Apple,13.68809,539484400
3/1/13,Apple,13.06524,552448400
4/1/13,Apple,13.01789,389732000
5/1/13,Apple,13.33294,506909200
6/1/13,Apple,13.77040,372352400
7/1/13,Apple,12.50249,391053600
8/1/13,Apple,13.95249,206250800
9/1/13,Apple,15.02566,331928800
10/1/13,Apple,15.00659,353883600
11/1/13,Apple,15.99286,274890000
12/1/13,Apple,17.05136,472544800
1/1/14,Apple,17.11013,234684800
2/1/14,Apple,15.51397,401464000
3/1/14,Apple,16.42307,238781200
4/1/14,Apple,16.85530,200760000
5/1/14,Apple,18.40594,244048000
6/1/14,Apple,19.67188,369350800
7/1/14,Apple,20.48515,152892000
8/1/14,Apple,21.05687,194044000
9/1/14,Apple,22.73998,214256000
10/1/14,Apple,21.83302,205965200
11/1/14,Apple,24.08280,209130400
12/1/14,Apple,25.44081,335256000
1/1/15,Apple,24.17176,212818400
2/1/15,Apple,26.22789,250956400
3/1/15,Apple,28.65313,192386800
4/1/15,Apple,27.57883,162485600
5/1/15,Apple,28.62206,234050400
6/1/15,Apple,29.09600,128451200
7/1/15,Apple,28.21782,120955200
8/1/15,Apple,26.39904,279904000
9/1/15,Apple,24.11835,307383600
10/1/15,Apple,24.53480,255716400
11/1/15,Apple,27.13202,128813200
12/1/15,Apple,26.38471,139409600
1/1/16,Apple,23.68867,270597600
2/1/16,Apple,21.68295,163774000
3/1/16,Apple,22.72752,201628400
4/1/16,Apple,24.86621,103496000
5/1/16,Apple,21.16985,192640400
6/1/16,Apple,22.39507,116693200
7/1/16,Apple,21.81051,104106000
8/1/16,Apple,24.12144,152671600
9/1/16,Apple,24.40763,106806000
10/1/16,Apple,25.73170,86807200
11/1/16,Apple,25.49616,175303200
12/1/16,Apple,25.16734,148347600
1/1/17,Apple,26.69822,115127600
2/1/17,Apple,29.59444,447940000
3/1/17,Apple,32.27140,145658400
4/1/17,Apple,33.17406,79942800
5/1/17,Apple,33.83892,134411600
6/1/17,Apple,35.50853,65616400
7/1/17,Apple,33.26462,57111200
8/1/17,Apple,34.78297,141474400
9/1/17,Apple,38.17765,66364400
10/1/17,Apple,35.79459,74795200
11/1/17,Apple,38.83855,134551200
12/1/17,Apple,39.94977,159037200
1/1/18,Apple,40.23238,102223600
2/1/18,Apple,39.18604,188923200
3/1/18,Apple,41.03896,195208000
4/1/18,Apple,39.08785,150347200
5/1/18,Apple,39.65537,214277600
6/1/18,Apple,44.78491,93770000
7/1/18,Apple,44.06454,70925200
8/1/18,Apple,47.43565,271742800
9/1/18,Apple,53.94737,109560400
10/1/18,Apple,53.68751,94403200
11/1/18,Apple,52.49688,233292800
12/1/18,Apple,43.81390,163210000
1/1/19,Apple,37.43692,148158800
2/1/19,Apple,39.47566,130672400
3/1/19,Apple,41.65673,103544800
4/1/19,Apple,45.53028,111448000
5/1/19,Apple,50.12044,259309200
6/1/19,Apple,41.41802,161584400
7/1/19,Apple,48.16967,109012000
8/1/19,Apple,49.81396,216071600
9/1/19,Apple,49.34829,80092000
10/1/19,Apple,53.88008,139223200
11/1/19,Apple,61.37228,151125200
12/1/19,Apple,63.56335,94487200
1/1/20,Apple,72.27155,135480400
2/1/20,Apple,74.27113,173788400
3/1/20,Apple,72.07162,341397200
4/1/20,Apple,58.10641,176218400
5/1/20,Apple,69.72239,240616800
6/1/20,Apple,77.83891,80791200
7/1/20,Apple,88.05942,110737200
8/1/20,Apple,105.38543,308151200
9/1/20,Apple,130.03889,151948100
10/1/20,Apple,113.18562,116120400
11/1/20,Apple,105.41312,122866900
12/1/20,Apple,119.13777,127728200
1/1/21,Apple,125.63250,143301900
2/1/21,Apple,130.22443,106239800
3/1/21,Apple,124.24516,116307900
4/1/21,Apple,119.58804,75089100
5/1/21,Apple,128.86343,75135100
6/1/21,Apple,121.03778,67637100
7/1/21,Apple,133.68890,52485800
8/1/21,Apple,141.72368,62880000
9/1/21,Apple,148.75385,80313700
10/1/21,Apple,139.13667,94639600
11/1/21,Apple,145.29134,74588300
12/1/21,Apple,160.94644,152052500
1/1/22,Apple,177.78639,104487900
2/1/22,Apple,170.55812,86213900
3/1/22,Apple,159.61598,83474400
4/1/22,Apple,170.48201,78751300
5/1/22,Apple,154.49107,123055300
6/1/22,Apple,145.65790,74286600
7/1/22,Apple,136.07864,71051600
8/1/22,Apple,158.19521,67829400
9/1/22,Apple,154.93297,74229900
10/1/22,Apple,139.72017,114311700
11/1/22,Apple,147.76305,80379300
12/1/22,Apple,145.70920,71250400
1/1/23,Apple,122.87674,112117500
2/1/23,Apple,142.87971,77663600
3/1/23,Apple,142.97978,55479000
4/1/23,Apple,163.50526,56976200
5/1/23,Apple,166.87042,52472900
6/1/23,Apple,177.44717,68901800
7/1/23,Apple,189.63560,31458200
8/1/23,Apple,192.73943,35175100
9/1/23,Apple,186.93173,45766500
10/1/23,Apple,171.43135,52164500
11/1/23,Apple,171.64845,56934900
12/1/23,Apple,188.93657,45704800
1/1/24,Apple,183.40399,82488700
2/1/24,Apple,184.60934,64885400
3/1/24,Apple,177.72253,73563100
4/1/24,Apple,168.19638,46240500
5/1/24,Apple,167.47424,50383100
6/1/24,Apple,192.19791,50080500
7/1/24,Apple,214.70335,60402900
8/1/24,Apple,216.29817,62501000
9/1/24,Apple,220.92195,50190600
10/1/24,Apple,224.33342,63285000
11/1/24,Apple,221.06078,65276700
12/1/24,Apple,237.86380,48137100
1/1/25,Apple,242.09314,55740700
2/1/25,Apple,226.36725,73063300
3/1/25,Apple,236.57487,47184000
4/1/25,Apple,221.82559,36412700
5/1/25,Apple,212.01596,57365700
6/1/25,Apple,200.72984,35423300
7/1/25,Apple,206.82043,78788900
8/1/25,Apple,201.40660,104434500
9/1/25,Apple,228.87454,44075600
10/1/25,Apple,254.50984,48713900
11/1/25,Apple,268.05978,50194600
12/1/25,Apple,282.33151,46587700
1/1/26,Apple,270.27435,37838100
2/1/26,Apple,269.27704,73913400
3/1/26,Apple,264.24841,41827900
4/1/26,Apple,255.17462,40059400
5/1/26,Apple,279.64096,79915400
6/1/26,Apple,306.04605,48849900
7/1/26,Apple,294.12634,50164200
8/1/26,Apple,303.15857,75052000
9/1/26,Apple,325.13000,53167400
1/1/85,IBM,9.67393,3650540
2/1/85,IBM,10.84321,3474394
3/1/85,IBM,10.95145,5786472
4/1/85,IBM,10.32680,3517907
5/1/85,IBM,10.12531,4748840
6/1/85,IBM,10.49952,5271840
7/1/85,IBM,10.15394,3723760
8/1/85,IBM,10.77395,5690240
9/1/85,IBM,10.42562,4263496
10/1/85,IBM,10.38462,5815760
11/1/85,IBM,10.73316,4727920
12/1/85,IBM,11.40127,2809556
1/1/86,IBM,12.56931,7550446
2/1/86,IBM,12.78637,5803626
3/1/86,IBM,12.59668,10691375
4/1/86,IBM,12.41970,9229904
5/1/86,IBM,13.06515,4895280
6/1/86,IBM,12.77287,5355520
7/1/86,IBM,12.46875,7317816
8/1/86,IBM,11.02157,3183187
9/1/86,IBM,11.50611,8075120
10/1/86,IBM,11.25229,5230000
11/1/86,IBM,10.69179,5146320
12/1/86,IBM,10.87140,5062640
1/1/87,IBM,10.41266,2866040
2/1/87,IBM,11.28748,8368000
3/1/87,IBM,11.91793,4351360
4/1/87,IBM,13.00431,11087600
5/1/87,IBM,13.82180,9957920
6/1/87,IBM,13.82695,5564720
7/1/87,IBM,14.20592,6443360
8/1/87,IBM,13.79447,8577200
9/1/87,IBM,14.20599,9288480
10/1/87,IBM,13.48642,7984746
11/1/87,IBM,10.85891,6690216
12/1/87,IBM,9.79255,6743353
1/1/88,IBM,10.62876,7678058
2/1/88,IBM,9.68252,7859226
3/1/88,IBM,10.40367,8254195
4/1/88,IBM,9.55892,6265958
5/1/88,IBM,10.14802,4371862
6/1/88,IBM,10.15776,9107731
7/1/88,IBM,11.36996,4435040
8/1/88,IBM,11.33629,4544242
9/1/88,IBM,9.98698,6226210
10/1/88,IBM,10.40593,4363912
11/1/88,IBM,11.23252,5344642
12/1/88,IBM,10.80890,3755977
1/1/89,IBM,11.06028,6041696
2/1/89,IBM,11.84866,9072586
3/1/89,IBM,11.05123,6274326
4/1/89,IBM,10.00257,5359704
5/1/89,IBM,10.45199,4930007
6/1/89,IBM,10.25211,5863458
7/1/89,IBM,10.46181,2563955
8/1/89,IBM,10.68317,8334528
9/1/89,IBM,11.05683,4392363
10/1/89,IBM,10.23257,6463862
11/1/89,IBM,9.42008,7556722
12/1/89,IBM,9.26132,6000693
1/1/90,IBM,9.34476,7365514
2/1/90,IBM,9.32091,7221166
3/1/90,IBM,10.04038,4697377
4/1/90,IBM,10.22139,5432087
5/1/90,IBM,10.42655,4879381
6/1/90,IBM,11.66599,6451728
7/1/90,IBM,11.56837,3832544
8/1/90,IBM,10.89720,7155895
9/1/90,IBM,10.11964,5022892
10/1/90,IBM,10.76138,7745839
11/1/90,IBM,10.58860,5162638
12/1/90,IBM,11.31969,6569717
1/1/91,IBM,11.19489,4341737
2/1/91,IBM,12.66757,8029514
3/1/91,IBM,13.20537,7774290
4/1/91,IBM,11.31529,5953832
5/1/91,IBM,10.48365,8134533
6/1/91,IBM,10.84975,5530411
7/1/91,IBM,10.03378,5625806
8/1/91,IBM,10.32702,3778152
9/1/91,IBM,10.11673,6938746
10/1/91,IBM,10.59419,2938423
11/1/91,IBM,10.15545,8945392
12/1/91,IBM,9.64174,9823195
1/1/92,IBM,9.43271,7451286
2/1/92,IBM,9.55029,6356751
3/1/92,IBM,9.26818,6030818
4/1/92,IBM,8.77829,8236622
5/1/92,IBM,9.59920,8679290
6/1/92,IBM,9.72522,4902811
7/1/92,IBM,10.54348,6388550
8/1/92,IBM,10.18129,2777758
9/1/92,IBM,9.52912,4035050
10/1/92,IBM,8.71350,8942045
11/1/92,IBM,7.49008,9715666
12/1/92,IBM,7.50072,8743723
1/1/93,IBM,5.54942,14879978
2/1/93,IBM,5.82620,12717268
3/1/93,IBM,6.12617,10979653
4/1/93,IBM,5.80448,8023238
5/1/93,IBM,5.51076,5531666
6/1/93,IBM,5.88280,8153361
7/1/93,IBM,5.57169,3745935
8/1/93,IBM,4.96361,5598610
9/1/93,IBM,5.21928,8321558
10/1/93,IBM,4.99173,13962426
11/1/93,IBM,5.43260,16581610
12/1/93,IBM,6.07405,9980095
1/1/94,IBM,6.58856,5986467
2/1/94,IBM,6.45993,7775546
3/1/94,IBM,6.15883,8514022
4/1/94,IBM,6.08705,11568760
5/1/94,IBM,6.66130,6729964
6/1/94,IBM,7.32468,7069286
7/1/94,IBM,6.57491,15974930
8/1/94,IBM,7.25259,7411538
9/1/94,IBM,7.86053,11625244
10/1/94,IBM,7.97634,4880636
11/1/94,IBM,8.55538,10460000
12/1/94,IBM,8.07619,6943348
1/1/95,IBM,8.57005,4886494
2/1/95,IBM,8.55553,13773728
3/1/95,IBM,8.78833,8579292
4/1/95,IBM,9.66279,7924914
5/1/95,IBM,10.74129,14241499
6/1/95,IBM,11.01828,10576734
7/1/95,IBM,11.41284,2859346
8/1/95,IBM,12.81570,12662458
9/1/95,IBM,12.03962,7610278
10/1/95,IBM,10.95576,9924030
11/1/95,IBM,11.35122,8614019
12/1/95,IBM,11.13041,10526526
1/1/96,IBM,10.67520,10495146
2/1/96,IBM,12.80437,17061515
3/1/96,IBM,13.90660,33659862
4/1/96,IBM,12.99420,9955828
5/1/96,IBM,12.69989,8775522
6/1/96,IBM,12.44671,7278068
7/1/96,IBM,11.98901,10156660
8/1/96,IBM,12.66819,13056590
9/1/96,IBM,13.65673,9236598
10/1/96,IBM,14.66396,10236156
11/1/96,IBM,15.10831,8649583
12/1/96,IBM,19.36699,13874144
1/1/97,IBM,18.20853,17562340
2/1/97,IBM,18.40162,11086763
3/1/97,IBM,17.28382,13823518
4/1/97,IBM,16.28639,12256610
5/1/97,IBM,19.21913,12523967
6/1/97,IBM,20.80279,6912596
7/1/97,IBM,21.92199,5493174
8/1/97,IBM,25.01109,8371766
9/1/97,IBM,24.89309,9504584
10/1/97,IBM,24.75853,7917383
11/1/97,IBM,24.31001,9067983
12/1/97,IBM,26.97890,12164352
1/1/98,IBM,25.31612,5512420
2/1/98,IBM,24.10275,7191668
3/1/98,IBM,24.48149,7301498
4/1/98,IBM,25.08188,5522462
5/1/98,IBM,28.06891,5180838
6/1/98,IBM,28.19659,7643540
7/1/98,IBM,28.09133,6624109
8/1/98,IBM,31.94112,8740167
9/1/98,IBM,28.42563,17572172
10/1/98,IBM,30.21824,13114120
11/1/98,IBM,35.76178,7285808
12/1/98,IBM,41.00431,7611324
1/1/99,IBM,44.17241,8524482
2/1/99,IBM,43.38789,7747931
3/1/99,IBM,40.69617,10031977
4/1/99,IBM,42.78082,5555097
5/1/99,IBM,51.30072,9447681
6/1/99,IBM,54.20204,7487791
7/1/99,IBM,63.39700,6183534
8/1/99,IBM,59.16246,4775095
9/1/99,IBM,61.64228,6552562
10/1/99,IBM,57.04033,11044609
11/1/99,IBM,46.86749,9991183
12/1/99,IBM,50.16618,5581874
1/1/00,IBM,56.26735,10823694
2/1/00,IBM,53.35701,7640716
3/1/00,IBM,48.67883,11304959
4/1/00,IBM,59.24004,8070518
5/1/00,IBM,54.38431,4389121
6/1/00,IBM,51.53295,5975275
7/1/00,IBM,53.23455,2410402
8/1/00,IBM,53.72067,3134339
9/1/00,IBM,65.03584,6042010
10/1/00,IBM,57.33981,9280321
11/1/00,IBM,47.97080,7809645
12/1/00,IBM,46.60028,7871255
1/1/01,IBM,41.33109,8375531
2/1/01,IBM,55.57920,5837517
3/1/01,IBM,51.73952,15796692
4/1/01,IBM,46.18259,9191202
5/1/01,IBM,57.81852,8149177
6/1/01,IBM,55.14323,5375289
7/1/01,IBM,55.85641,6185103
8/1/01,IBM,52.29545,6313761
9/1/01,IBM,49.64010,10346823
10/1/01,IBM,45.34568,9075305
11/1/01,IBM,53.74867,8393104
12/1/01,IBM,55.89137,6051947
1/1/02,IBM,59.50056,7178489
2/1/02,IBM,52.88938,7112277
3/1/02,IBM,50.51715,10975573
4/1/02,IBM,50.43868,5844002
5/1/02,IBM,41.33755,12765175
6/1/02,IBM,38.37746,8769246
7/1/02,IBM,33.21362,12610471
8/1/02,IBM,33.53299,9238272
9/1/02,IBM,35.62613,7164472
10/1/02,IBM,30.12094,12178369
11/1/02,IBM,39.59006,9827379
12/1/02,IBM,43.06679,10140133
1/1/03,IBM,39.74676,8226267
2/1/03,IBM,38.56771,6990941
3/1/03,IBM,38.22261,6922742
4/1/03,IBM,38.91460,8223024
5/1/03,IBM,42.45363,7830042
6/1/03,IBM,43.24445,8051271
7/1/03,IBM,41.39247,6051947
8/1/03,IBM,40.24364,6773268
9/1/03,IBM,42.55230,12977094
10/1/03,IBM,44.82976,8289759
11/1/03,IBM,44.49733,6093159
12/1/03,IBM,45.23904,5475705
1/1/04,IBM,45.50745,5572879
2/1/04,IBM,49.40456,6485200
3/1/04,IBM,48.31459,4658884
4/1/04,IBM,45.98949,4442257
5/1/04,IBM,43.82371,6349325
6/1/04,IBM,43.96242,5108978
7/1/04,IBM,43.65311,5328219
8/1/04,IBM,43.24903,3565186
9/1/04,IBM,42.10572,4966931
10/1/04,IBM,43.35559,4746748
11/1/04,IBM,45.05042,5397988
12/1/04,IBM,48.02782,5925067
1/1/05,IBM,48.96452,5538779
2/1/05,IBM,47.01595,3804720
3/1/05,IBM,46.82461,3995615
4/1/05,IBM,45.38925,5984375
5/1/05,IBM,38.39819,7565195
6/1/05,IBM,38.66623,7720108
7/1/05,IBM,37.57428,4553343
8/1/05,IBM,41.98236,3832858
9/1/05,IBM,40.12115,6684568
10/1/05,IBM,40.58016,5541290
11/1/05,IBM,41.15520,5913143
12/1/05,IBM,45.10674,4883251
1/1/06,IBM,41.49152,12253995
2/1/06,IBM,41.43084,5668588
3/1/06,IBM,40.50082,5410226
4/1/06,IBM,42.10259,4311194
5/1/06,IBM,41.68187,6287611
6/1/06,IBM,41.04914,5090359
7/1/06,IBM,39.69083,3323456
8/1/06,IBM,38.73444,4609408
9/1/06,IBM,41.58060,3445524
10/1/06,IBM,41.81555,4689532
11/1/06,IBM,46.88734,6114602
12/1/06,IBM,46.75768,5695888
1/1/07,IBM,49.84238,9619853
2/1/07,IBM,50.72884,6914792
3/1/07,IBM,47.42281,13457522
4/1/07,IBM,48.93382,6154350
5/1/07,IBM,53.02493,9068925
6/1/07,IBM,54.97010,5532503
7/1/07,IBM,54.18067,4917560
8/1/07,IBM,57.80787,12960254
9/1/07,IBM,61.19665,8441743
10/1/07,IBM,61.63160,7089056
11/1/07,IBM,58.84589,7943742
12/1/07,IBM,54.99121,8283065
1/1/08,IBM,54.39884,9940661
2/1/08,IBM,56.68000,8417267
3/1/08,IBM,59.58295,6627142
4/1/08,IBM,60.76176,12421668
5/1/08,IBM,64.47561,8608789
6/1/08,IBM,66.70316,7948868
7/1/08,IBM,62.46613,10532592
8/1/08,IBM,66.32608,5166926
9/1/08,IBM,62.25724,12290291
10/1/08,IBM,57.90385,13738582
11/1/08,IBM,48.72904,8039870
12/1/08,IBM,40.65831,10737190
1/1/09,IBM,46.19396,7905877
2/1/09,IBM,48.07618,10383014
3/1/09,IBM,47.33835,15932358
4/1/09,IBM,51.88876,12774693
5/1/09,IBM,55.60992,6520973
6/1/09,IBM,57.90961,8080350
7/1/09,IBM,56.02328,5792016
8/1/09,IBM,64.08157,6389177
9/1/09,IBM,62.64641,6593775
10/1/09,IBM,63.29598,7392605
11/1/09,IBM,64.72406,7373672
12/1/09,IBM,68.99436,6881216
1/1/10,IBM,71.42646,6438444
2/1/10,IBM,67.23092,7576073
3/1/10,IBM,69.64420,4788274
4/1/10,IBM,69.47086,5209603
5/1/10,IBM,70.20213,5221737
6/1/10,IBM,67.69814,7463628
7/1/10,IBM,66.73440,10190237
8/1/10,IBM,71.19353,6733625
9/1/10,IBM,68.81600,5881763
10/1/10,IBM,74.21645,5879775
11/1/10,IBM,78.41862,5935632
12/1/10,IBM,79.36613,7136649
1/1/11,IBM,81.05339,4815575
2/1/11,IBM,89.89078,6099540
3/1/11,IBM,88.26586,4584409
4/1/11,IBM,90.63841,4583467
5/1/11,IBM,94.98636,5644425
6/1/11,IBM,92.31297,5370792
7/1/11,IBM,96.73574,5420058
8/1/11,IBM,100.17757,6111464
9/1/11,IBM,94.81348,5715239
10/1/11,IBM,96.46120,9458560
11/1/11,IBM,100.94774,6151735
12/1/11,IBM,105.88051,5082305
1/1/12,IBM,104.12003,5905716
2/1/12,IBM,107.65215,5322885
3/1/12,IBM,110.82614,3724074
4/1/12,IBM,117.52525,3543743
5/1/12,IBM,116.70045,2840831
6/1/12,IBM,106.52966,5445894
7/1/12,IBM,110.33263,2957042
8/1/12,IBM,109.96645,2677028
9/1/12,IBM,110.07384,4722062
10/1/12,IBM,119.08727,5707917
11/1/12,IBM,111.55061,3931705
12/1/12,IBM,107.68004,3503682
1/1/13,IBM,111.58415,4428869
2/1/13,IBM,116.60224,3525752
3/1/13,IBM,115.79752,3460482
4/1/13,IBM,121.20194,2243147
5/1/13,IBM,113.92570,5124459
6/1/13,IBM,119.80339,3474812
7/1/13,IBM,109.67213,4646750
8/1/13,IBM,112.26947,3010074
9/1/13,IBM,106.00240,3647611
10/1/13,IBM,107.39684,2804535
11/1/13,IBM,103.27686,3812147
12/1/13,IBM,102.81767,4769760
1/1/14,IBM,107.48125,4755639
2/1/14,IBM,100.16441,7517393
3/1/14,IBM,107.33068,4131805
4/1/14,IBM,113.29541,5642229
5/1/14,IBM,112.73042,3843004
6/1/14,IBM,108.79340,3347723
7/1/14,IBM,109.18009,6948683
8/1/14,IBM,110.82057,5419431
9/1/14,IBM,112.89632,2802966
10/1/14,IBM,110.30902,3894467
11/1/14,IBM,96.86593,4903857
12/1/14,IBM,95.85553,4360146
1/1/15,IBM,96.16407,5779673
2/1/15,IBM,91.77306,4928961
3/1/15,IBM,95.89453,6190123
4/1/15,IBM,95.11775,3871037
5/1/15,IBM,103.77624,3464457
6/1/15,IBM,102.46031,3122833
7/1/15,IBM,99.03456,3362367
8/1/15,IBM,95.55461,4828022
9/1/15,IBM,86.61653,5514512
10/1/15,IBM,87.16895,4059421
11/1/15,IBM,85.21420,3998021
12/1/15,IBM,86.57115,4388075
1/1/16,IBM,83.30509,5469952
2/1/16,IBM,76.49118,3739345
3/1/16,IBM,83.17796,3962771
4/1/16,IBM,94.41322,4106073
5/1/16,IBM,89.92533,3663510
6/1/16,IBM,95.31812,2785916
7/1/16,IBM,95.21809,2780582
8/1/16,IBM,100.90559,2953486
9/1/16,IBM,100.57300,2466886
10/1/16,IBM,99.35635,2330279
11/1/16,IBM,96.31784,3338727
12/1/16,IBM,101.66351,4848942
1/1/17,IBM,106.35168,3069278
2/1/17,IBM,110.86806,2924302
3/1/17,IBM,116.65582,3143858
4/1/17,IBM,111.87935,4483679
5/1/17,IBM,101.83903,5162324
6/1/17,IBM,98.83942,3052333
7/1/17,IBM,100.72335,2952335
8/1/17,IBM,94.06802,3367597
9/1/17,IBM,94.26374,3505878
10/1/17,IBM,95.95167,3109967
11/1/17,IBM,100.77346,3389249
12/1/17,IBM,102.26311,5824023
1/1/18,IBM,101.92609,4395815
2/1/18,IBM,107.31151,4638173
3/1/18,IBM,102.63605,4225108
4/1/18,IBM,100.14037,5387318
5/1/18,IBM,96.75717,4637336
6/1/18,IBM,95.77345,4034945
7/1/18,IBM,94.36334,3562048
8/1/18,IBM,96.81925,3544266
9/1/18,IBM,99.35199,3479205
10/1/18,IBM,104.34413,3930240
11/1/18,IBM,79.67664,14253528
12/1/18,IBM,86.54832,6115334
1/1/19,IBM,79.57252,4434935
2/1/19,IBM,92.61935,3981076
3/1/19,IBM,97.26200,3169380
4/1/19,IBM,100.12670,4167578
5/1/19,IBM,98.21222,3194170
6/1/19,IBM,90.68958,4463177
7/1/19,IBM,98.89805,3533074
8/1/19,IBM,106.27936,6635824
9/1/19,IBM,95.92863,2957983
10/1/19,IBM,102.76738,3096997
11/1/19,IBM,96.95158,3231931
12/1/19,IBM,96.20030,3208187
1/1/20,IBM,98.01705,3293436
2/1/20,IBM,105.87030,9295488
3/1/20,IBM,98.22142,8923844
4/1/20,IBM,76.89502,6394093
5/1/20,IBM,89.13065,5152073
6/1/20,IBM,92.56434,3003798
7/1/20,IBM,87.85791,4869967
8/1/20,IBM,92.13443,3688301
9/1/20,IBM,92.65750,3300444
10/1/20,IBM,90.92299,3359438
11/1/20,IBM,84.78087,5555829
12/1/20,IBM,93.81828,5553319
1/1/21,IBM,94.41244,5417443
2/1/21,IBM,91.82246,6538023
3/1/21,IBM,93.20385,5977367
4/1/21,IBM,102.84538,4261404
5/1/21,IBM,111.73808,5997241
6/1/21,IBM,112.54947,2528705
7/1/21,IBM,114.61798,2809661
8/1/21,IBM,110.38731,3064257
9/1/21,IBM,109.98433,2588327
10/1/21,IBM,113.15833,6907889
11/1/21,IBM,99.70437,6177153
12/1/21,IBM,97.84918,5958300
1/1/22,IBM,113.85050,4605900
2/1/22,IBM,113.42370,6206400
3/1/22,IBM,102.77988,4873300
4/1/22,IBM,110.23323,4012400
5/1/22,IBM,112.68101,4213500
6/1/22,IBM,119.52566,3796500
7/1/22,IBM,120.97440,4011900
8/1/22,IBM,113.19061,4142100
9/1/22,IBM,112.55080,3396200
10/1/22,IBM,105.47623,4261700
11/1/22,IBM,119.96390,3590600
12/1/22,IBM,131.02142,4495900
1/1/23,IBM,124.33686,3338600
2/1/23,IBM,118.66242,5428900
3/1/23,IBM,113.98458,3760700
4/1/23,IBM,117.42572,3840100
5/1/23,IBM,112.11729,2725000
6/1/23,IBM,117.00797,4136100
7/1/23,IBM,120.47800,1477100
8/1/23,IBM,129.18469,4797700
9/1/23,IBM,134.87411,2727800
10/1/23,IBM,128.36473,3275300
11/1/23,IBM,132.55844,4750100
12/1/23,IBM,148.03043,4871900
1/1/24,IBM,148.90637,3825000
2/1/24,IBM,172.32568,4669400
3/1/24,IBM,175.10629,4018400
4/1/24,IBM,176.62292,2364300
5/1/24,IBM,152.99007,4029900
6/1/24,IBM,155.30750,2776100
7/1/24,IBM,164.53497,3321000
8/1/24,IBM,178.21651,4085400
9/1/24,IBM,190.78958,3874700
10/1/24,IBM,207.91782,3548400
11/1/24,IBM,197.39630,3334100
12/1/24,IBM,217.23746,2655900
1/1/25,IBM,210.12010,2579500
2/1/25,IBM,249.08893,8408500
3/1/25,IBM,240.61188,2977700
4/1/25,IBM,240.75612,4412900
5/1/25,IBM,230.48499,4243300
6/1/25,IBM,255.48589,2831900
7/1/25,IBM,281.91547,3272800
8/1/25,IBM,242.07750,9683400
9/1/25,IBM,235.38083,3469500
10/1/25,IBM,279.23083,4381300
11/1/25,IBM,297.00873,4958000
12/1/25,IBM,299.56750,3166600
1/1/26,IBM,285.68045,4662800
2/1/26,IBM,308.44666,4581200
3/1/26,IBM,235.92868,6220300
4/1/26,IBM,239.64449,4228700
5/1/26,IBM,228.86176,3582100
6/1/26,IBM,318.13785,32880200
7/1/26,IBM,284.21121,6905800
8/1/26,IBM,224.69814,7974700
9/1/26,IBM,231.39999,3236800
1/1/85,Intel,0.31944,27259200
2/1/85,Intel,0.34848,17068800
3/1/85,Intel,0.32525,30768000
4/1/85,Intel,0.33396,34238400
5/1/85,Intel,0.31073,19166400
6/1/85,Intel,0.30782,35952000
7/1/85,Intel,0.30492,13296000
8/1/85,Intel,0.34267,47001600
9/1/85,Intel,0.29911,5212800
10/1/85,Intel,0.30202,12724800
11/1/85,Intel,0.29911,19108800
12/1/85,Intel,0.32525,12388800
1/1/86,Intel,0.33396,12508800
2/1/86,Intel,0.33396,21004800
3/1/86,Intel,0.30492,61262400
4/1/86,Intel,0.29330,44630400
5/1/86,Intel,0.33396,16646400
6/1/86,Intel,0.30492,26136000
7/1/86,Intel,0.26426,17217600
8/1/86,Intel,0.21199,40636800
9/1/86,Intel,0.25265,35164800
10/1/86,Intel,0.22796,26827200
11/1/86,Intel,0.23522,15993600
12/1/86,Intel,0.27298,35688000
1/1/87,Intel,0.24684,5788800
2/1/87,Intel,0.40365,249600000
3/1/87,Intel,0.42979,67200000
4/1/87,Intel,0.47625,66720000
5/1/87,Intel,0.53724,46454400
6/1/87,Intel,0.49077,33244800
7/1/87,Intel,0.52853,60000000
8/1/87,Intel,0.53143,43200000
9/1/87,Intel,0.60839,44740800
10/1/87,Intel,0.70277,93600000
11/1/87,Intel,0.46173,64000000
12/1/87,Intel,0.37897,31769600
1/1/88,Intel,0.48352,38400000
2/1/88,Intel,0.43124,44160000
3/1/88,Intel,0.49223,59840000
4/1/88,Intel,0.51619,33920000
5/1/88,Intel,0.55321,16131200
6/1/88,Intel,0.54450,49280000
7/1/88,Intel,0.63162,43708800
8/1/88,Intel,0.60984,24812800
9/1/88,Intel,0.46609,110915200
10/1/88,Intel,0.45956,66560000
11/1/88,Intel,0.42907,38732800
12/1/88,Intel,0.36155,64003200
1/1/89,Intel,0.41382,44566400
2/1/89,Intel,0.46609,133936000
3/1/89,Intel,0.45085,34886400
4/1/89,Intel,0.45085,37027200
5/1/89,Intel,0.50529,29603200
6/1/89,Intel,0.57717,46771200
7/1/89,Intel,0.49658,25654400
8/1/89,Intel,0.50965,36284800
9/1/89,Intel,0.52708,17312000
10/1/89,Intel,0.56410,39539200
11/1/89,Intel,0.57935,18195200
12/1/89,Intel,0.61419,91065600
1/1/90,Intel,0.62726,63833600
2/1/90,Intel,0.67953,44828800
3/1/90,Intel,0.70785,89718400
4/1/90,Intel,0.72527,77910400
5/1/90,Intel,0.69042,31152000
6/1/90,Intel,0.82764,61049600
7/1/90,Intel,0.82764,36518400
8/1/90,Intel,0.74052,68611200
9/1/90,Intel,0.58370,42582400
10/1/90,Intel,0.59242,74070400
11/1/90,Intel,0.58370,30390400
12/1/90,Intel,0.65775,62732800
1/1/91,Intel,0.67082,27174400
2/1/91,Intel,0.81893,110697600
3/1/91,Intel,0.83200,46179200
4/1/91,Intel,0.82764,42345600
5/1/91,Intel,0.84506,81126400
6/1/91,Intel,1.01930,115529600
7/1/91,Intel,0.79279,88124800
8/1/91,Intel,0.86466,100476800
9/1/91,Intel,0.84506,65075200
10/1/91,Intel,0.71656,37068800
11/1/91,Intel,0.72963,120761600
12/1/91,Intel,0.72963,37974400
1/1/92,Intel,0.87555,76608000
2/1/92,Intel,1.04108,37724800
3/1/92,Intel,1.14563,49091200
4/1/92,Intel,0.97139,116704000
5/1/92,Intel,0.91694,31638400
6/1/92,Intel,0.88862,41945600
7/1/92,Intel,1.01059,45616000
8/1/92,Intel,1.06068,44464000
9/1/92,Intel,1.03019,68992000
10/1/92,Intel,1.11078,40304000
11/1/92,Intel,1.18224,30457600
12/1/92,Intel,1.27385,64393600
1/1/93,Intel,1.50942,59820800
2/1/93,Intel,1.94303,102080000
3/1/93,Intel,2.01289,97376000
4/1/93,Intel,1.94740,104662400
5/1/93,Intel,1.69598,69446400
6/1/93,Intel,2.01944,134483200
7/1/93,Intel,1.88830,75560000
8/1/93,Intel,1.84200,31742400
9/1/93,Intel,2.22266,45500800
10/1/93,Intel,2.55518,81172800
11/1/93,Intel,2.21565,28537600
12/1/93,Intel,2.19813,85136000
1/1/94,Intel,2.14559,45019200
2/1/94,Intel,2.26555,79480000
3/1/94,Intel,2.34005,70532800
4/1/94,Intel,2.35758,67182400
5/1/94,Intel,2.12270,69673600
6/1/94,Intel,2.26688,85726400
7/1/94,Intel,2.07007,58856000
8/1/94,Intel,2.09418,61104000
9/1/94,Intel,2.25662,79297600
10/1/94,Intel,2.11613,74857600
11/1/94,Intel,2.15784,27600000
12/1/94,Intel,2.20178,199961600
1/1/95,Intel,2.24134,41721600
2/1/95,Intel,2.48515,75233600
3/1/95,Intel,2.77106,65336000
4/1/95,Intel,3.11414,94400000
5/1/95,Intel,3.66623,115844800
6/1/95,Intel,4.04034,117364800
7/1/95,Intel,4.45846,13020800
8/1/95,Intel,4.45664,94556800
9/1/95,Intel,4.28930,34721600
10/1/95,Intel,4.16600,59953600
11/1/95,Intel,4.99245,76340800
12/1/95,Intel,4.30064,58219200
1/1/96,Intel,4.13320,62854400
2/1/96,Intel,3.96867,66874400
3/1/96,Intel,3.95544,145034400
4/1/96,Intel,4.03041,28519200
5/1/96,Intel,4.79163,52056800
6/1/96,Intel,5.40934,69614400
7/1/96,Intel,5.30345,35018400
8/1/96,Intel,5.43955,81130400
9/1/96,Intel,5.76627,50458400
10/1/96,Intel,6.76411,55946400
11/1/96,Intel,7.68615,61486400
12/1/96,Intel,8.98485,62268000
1/1/97,Intel,9.21455,97639200
2/1/97,Intel,11.58608,77328000
3/1/97,Intel,10.31347,82524000
4/1/97,Intel,9.84949,90782400
5/1/97,Intel,10.87396,96868000
6/1/97,Intel,10.59105,186443200
7/1/97,Intel,9.83518,120094400
8/1/97,Intel,13.24774,87386800
9/1/97,Intel,13.45114,50916400
10/1/97,Intel,13.19468,74075600
11/1/97,Intel,11.11151,66579600
12/1/97,Intel,11.53616,69122000
1/1/98,Intel,10.27991,40927200
2/1/98,Intel,11.76177,62426000
3/1/98,Intel,12.40783,71733600
4/1/98,Intel,10.97412,60100800
5/1/98,Intel,11.63342,45786400
6/1/98,Intel,9.63255,108380000
7/1/98,Intel,10.65069,69999600
8/1/98,Intel,12.01412,55863600
9/1/98,Intel,10.76973,109021200
10/1/98,Intel,11.82367,61390000
11/1/98,Intel,13.01047,52581200
12/1/98,Intel,16.30351,76924400
1/1/99,Intel,17.12755,65404800
2/1/99,Intel,19.54650,52246000
3/1/99,Intel,16.60331,128595600
4/1/99,Intel,17.14405,32888800
5/1/99,Intel,17.90640,29665000
6/1/99,Intel,14.38531,57058600
7/1/99,Intel,17.84417,61648600
8/1/99,Intel,20.23876,77483200
9/1/99,Intel,23.68962,53947000
10/1/99,Intel,21.27630,37753600
11/1/99,Intel,21.57796,45868200
12/1/99,Intel,21.67507,45556600
1/1/00,Intel,24.71066,57710200
2/1/00,Intel,28.81135,48051400
3/1/00,Intel,32.92191,40813000
4/1/00,Intel,37.11261,50071600
5/1/00,Intel,36.11821,42389800
6/1/00,Intel,36.85538,45978400
7/1/00,Intel,38.89796,15083800
8/1/00,Intel,36.73103,25001100
9/1/00,Intel,42.03730,18322000
10/1/00,Intel,22.81314,66785700
11/1/00,Intel,25.51377,47654600
12/1/00,Intel,19.41013,1155400
1/1/01,Intel,17.66820,50342900
2/1/01,Intel,21.50758,50297000
3/1/01,Intel,16.57545,56268300
4/1/01,Intel,14.68137,44925500
5/1/01,Intel,17.74499,37209500
6/1/01,Intel,16.36660,60601900
7/1/01,Intel,17.11829,38578300
8/1/01,Intel,17.51123,45023900
9/1/01,Intel,15.29982,54390700
10/1/01,Intel,11.40222,44631700
11/1/01,Intel,14.78128,54534000
12/1/01,Intel,18.27111,43008300
1/1/02,Intel,18.81856,42357300
2/1/02,Intel,19.77090,39369800
3/1/02,Intel,17.67703,58489400
4/1/02,Intel,17.78546,32592200
5/1/02,Intel,16.33613,46014800
6/1/02,Intel,15.20016,34869600
7/1/02,Intel,10.01542,48681300
8/1/02,Intel,10.02685,55134100
9/1/02,Intel,9.06699,58140400
10/1/02,Intel,8.38668,68218600
11/1/02,Intel,10.46192,85017800
12/1/02,Intel,12.04689,83017000
1/1/03,Intel,9.55167,57135100
2/1/03,Intel,9.03088,43773800
3/1/03,Intel,9.54671,58274100
4/1/03,Intel,9.40918,45993300
5/1/03,Intel,10.61828,52929100
6/1/03,Intel,11.69068,73472400
7/1/03,Intel,12.28152,64496600
8/1/03,Intel,14.35234,48494900
9/1/03,Intel,16.49940,58841200
10/1/03,Intel,16.43624,59519900
11/1/03,Intel,19.54207,53324900
12/1/03,Intel,19.55370,47063000
1/1/04,Intel,18.47376,37343200
2/1/04,Intel,17.41679,65039500
3/1/04,Intel,17.07666,65372800
4/1/04,Intel,15.74803,55051700
5/1/04,Intel,14.97730,61588700
6/1/04,Intel,16.31928,51164300
7/1/04,Intel,15.56467,68757000
8/1/04,Intel,14.34345,67142500
9/1/04,Intel,12.36505,61731300
10/1/04,Intel,12.03039,73823500
11/1/04,Intel,12.94782,49790900
12/1/04,Intel,13.35226,84149400
1/1/05,Intel,13.33491,64246900
2/1/05,Intel,13.08059,67031800
3/1/05,Intel,14.28145,84308400
4/1/05,Intel,13.34752,68253800
5/1/05,Intel,13.66077,41187800
6/1/05,Intel,15.88357,77530200
7/1/05,Intel,15.25498,30414000
8/1/05,Intel,15.77880,34737200
9/1/05,Intel,14.74485,49495400
10/1/05,Intel,14.35959,49168200
11/1/05,Intel,13.22133,84900700
12/1/05,Intel,15.92010,49840000
1/1/06,Intel,14.97707,56401200
2/1/06,Intel,12.62245,71658400
3/1/06,Intel,12.24089,80722800
4/1/06,Intel,11.38756,73344300
5/1/06,Intel,11.46995,75869800
6/1/06,Intel,10.67109,76997200
7/1/06,Intel,11.45190,25048100
8/1/06,Intel,10.44631,39658000
9/1/06,Intel,11.82673,68302800
10/1/06,Intel,12.15987,51710400
11/1/06,Intel,12.50492,57883600
12/1/06,Intel,12.51188,65117600
1/1/07,Intel,12.16516,69001200
2/1/07,Intel,12.61949,50473200
3/1/07,Intel,11.77350,108287900
4/1/07,Intel,11.49704,54240600
5/1/07,Intel,13.10170,60719800
6/1/07,Intel,13.50786,48706100
7/1/07,Intel,14.66171,48790600
8/1/07,Intel,14.37778,92766600
9/1/07,Intel,15.88945,77887400
10/1/07,Intel,16.00476,54672800
11/1/07,Intel,16.08366,86590500
12/1/07,Intel,15.99939,56131600
1/1/08,Intel,15.45084,84278800
2/1/08,Intel,13.26883,66087600
3/1/08,Intel,12.27019,75603600
4/1/08,Intel,13.47207,55507200
5/1/08,Intel,14.28150,71506000
6/1/08,Intel,14.31127,50569500
7/1/08,Intel,13.30579,66857400
8/1/08,Intel,13.78694,42123200
9/1/08,Intel,14.01595,44071100
10/1/08,Intel,11.49581,74450600
11/1/08,Intel,9.70812,54065800
12/1/08,Intel,7.86400,60830800
1/1/09,Intel,9.51695,52208200
2/1/09,Intel,8.53395,69886500
3/1/09,Intel,7.78688,64495900
4/1/09,Intel,9.50745,75052800
5/1/09,Intel,10.00085,50861600
6/1/09,Intel,10.52578,75465600
7/1/09,Intel,10.87026,92515000
8/1/09,Intel,12.35662,44330800
9/1/09,Intel,12.67173,74478300
10/1/09,Intel,12.14480,70648800
11/1/09,Intel,12.21549,63613700
12/1/09,Intel,12.72949,47225800
1/1/10,Intel,13.51943,47800900
2/1/10,Intel,12.69712,50338300
3/1/10,Intel,13.62105,51203300
4/1/10,Intel,14.61308,45491000
5/1/10,Intel,15.18090,55449900
6/1/10,Intel,13.92087,57164500
7/1/10,Intel,12.65234,88020000
8/1/10,Intel,13.90115,50316200
9/1/10,Intel,12.01373,73611500
10/1/10,Intel,12.79522,41275000
11/1/10,Intel,13.62307,51593700
12/1/10,Intel,14.33712,52939300
1/1/11,Intel,13.91661,58223800
2/1/11,Intel,14.33712,60971000
3/1/11,Intel,14.39791,57987400
4/1/11,Intel,13.27382,82621500
5/1/11,Intel,15.42105,71970500
6/1/11,Intel,14.92480,56011400
7/1/11,Intel,15.28436,35837100
8/1/11,Intel,15.08762,51674300
9/1/11,Intel,13.69362,40781200
10/1/11,Intel,14.12518,95768300
11/1/11,Intel,16.37206,68002400
12/1/11,Intel,17.22242,51820400
1/1/12,Intel,16.95980,44845600
2/1/12,Intel,18.34893,46330600
3/1/12,Intel,18.71151,39413000
4/1/12,Intel,19.77039,28853500
5/1/12,Intel,20.16747,43316200
6/1/12,Intel,17.64025,40246400
7/1/12,Intel,18.71383,21739700
8/1/12,Intel,18.19459,29207700
9/1/12,Intel,17.28515,40688000
10/1/12,Intel,16.11015,55261300
11/1/12,Intel,15.75624,50359300
12/1/12,Intel,13.97347,50637000
1/1/13,Intel,15.28929,47623000
2/1/13,Intel,15.27499,31867100
3/1/13,Intel,15.20064,45695700
4/1/13,Intel,15.48975,33718100
5/1/13,Intel,17.34015,38373800
6/1/13,Intel,18.41551,76493500
7/1/13,Intel,17.43053,29698200
8/1/13,Intel,16.92710,37832700
9/1/13,Intel,16.26019,26427300
10/1/13,Intel,16.82012,25888800
11/1/13,Intel,17.92525,28302100
12/1/13,Intel,17.62455,25685300
1/1/14,Intel,19.17879,31833300
2/1/14,Intel,17.81047,52868200
3/1/14,Intel,18.39322,25728500
4/1/14,Intel,19.51183,23778700
5/1/14,Intel,19.85717,19755200
6/1/14,Intel,20.64113,20264900
7/1/14,Intel,23.45789,28240000
8/1/14,Intel,25.54775,33472400
9/1/14,Intel,26.35034,32094800
10/1/14,Intel,25.90824,35086600
11/1/14,Intel,26.15216,28703600
12/1/14,Intel,28.51791,30904000
1/1/15,Intel,27.89646,23605600
2/1/15,Intel,25.81727,38733800
3/1/15,Intel,26.31927,25406400
4/1/15,Intel,23.80789,31532100
5/1/15,Intel,25.82472,27091200
6/1/15,Intel,26.39284,46734500
7/1/15,Intel,23.48970,27178900
8/1/15,Intel,22.61020,26213600
9/1/15,Intel,21.83274,44144000
10/1/15,Intel,23.54358,29832800
11/1/15,Intel,26.76905,21743100
12/1/15,Intel,27.73213,23560200
1/1/16,Intel,26.86278,27882200
2/1/16,Intel,24.35748,19015100
3/1/16,Intel,24.21310,25502600
4/1/16,Intel,25.87142,18049700
5/1/16,Intel,24.40444,21086600
6/1/16,Intel,25.45961,17753500
7/1/16,Intel,26.33614,17084600
8/1/16,Intel,28.02487,18824400
9/1/16,Intel,29.18530,18925800
10/1/16,Intel,30.51411,14113600
11/1/16,Intel,27.96991,25368200
12/1/16,Intel,27.56123,29618700
1/1/17,Intel,29.87978,20196500
2/1/17,Intel,29.81447,28380600
3/1/17,Intel,29.54221,34085900
4/1/17,Intel,29.73131,32013600
5/1/17,Intel,29.85464,24825600
6/1/17,Intel,29.91936,17510900
7/1/17,Intel,27.71598,12676900
8/1/17,Intel,30.10988,38710200
9/1/17,Intel,29.28437,12822000
10/1/17,Intel,32.58084,37394500
11/1/17,Intel,38.98184,47813700
12/1/17,Intel,37.50868,26656300
1/1/18,Intel,39.33038,23370800
2/1/18,Intel,40.00198,28840400
3/1/18,Intel,40.43395,36326600
4/1/18,Intel,41.34676,67187800
5/1/18,Intel,45.07406,27600800
6/1/18,Intel,48.52195,31183200
7/1/18,Intel,42.67347,23755500
8/1/18,Intel,41.49188,28060700
9/1/18,Intel,41.01725,15682900
10/1/18,Intel,39.72585,23796200
11/1/18,Intel,41.23963,28335300
12/1/18,Intel,43.14295,30870400
1/1/19,Intel,40.51805,18774600
2/1/19,Intel,41.93808,37442900
3/1/19,Intel,46.16188,18359300
4/1/19,Intel,47.20981,17830400
5/1/19,Intel,43.96204,20467600
6/1/19,Intel,37.87019,31155700
7/1/19,Intel,41.86984,27423300
8/1/19,Intel,43.13332,34020800
9/1/19,Intel,41.21385,15003800
10/1/19,Intel,44.52991,18413100
11/1/19,Intel,49.57417,17953500
12/1/19,Intel,50.86142,19154500
1/1/20,Intel,53.66647,18056000
2/1/20,Intel,56.82436,16646600
3/1/20,Intel,51.57284,43140300
4/1/20,Intel,45.98829,29586600
5/1/20,Intel,50.94347,21194800
6/1/20,Intel,55.14467,14317700
7/1/20,Intel,52.42577,14748100
8/1/20,Intel,43.05669,31767100
9/1/20,Intel,45.58389,30472800
10/1/20,Intel,46.88527,22127600
11/1/20,Intel,39.90273,33856700
12/1/20,Intel,44.80349,57768000
1/1/21,Intel,44.90294,46102500
2/1/21,Intel,51.24919,26926600
3/1/21,Intel,57.19017,28495400
4/1/21,Intel,58.70905,31416300
5/1/21,Intel,52.07870,22281700
6/1/21,Intel,52.06086,20326400
7/1/21,Intel,51.25555,24871600
8/1/21,Intel,49.12334,18098100
9/1/21,Intel,49.43335,18615000
10/1/21,Intel,49.60835,19895100
11/1/21,Intel,45.63858,28013700
12/1/21,Intel,45.07486,35093500
1/1/22,Intel,49.35048,33857600
2/1/22,Intel,45.39948,35386100
3/1/22,Intel,43.75477,53853000
4/1/22,Intel,44.96031,46598600
5/1/22,Intel,42.01653,45446500
6/1/22,Intel,41.54804,29885500
7/1/22,Intel,34.22932,40596300
8/1/22,Intel,34.81332,52513400
9/1/22,Intel,30.21735,36440700
10/1/22,Intel,25.66001,44096200
11/1/22,Intel,26.92541,44418700
12/1/22,Intel,28.76441,38896300
1/1/23,Intel,25.77514,31308000
2/1/23,Intel,28.03156,63330600
3/1/23,Intel,24.72277,47823400
4/1/23,Intel,32.10154,57038300
5/1/23,Intel,29.57363,36918500
6/1/23,Intel,30.50815,52667400
7/1/23,Intel,32.94841,15753000
8/1/23,Intel,35.08487,24702200
9/1/23,Intel,36.00777,43808500
10/1/23,Intel,34.87669,26086200
11/1/23,Intel,36.67658,41710700
12/1/23,Intel,43.16194,43928400
1/1/24,Intel,47.16828,45905700
2/1/24,Intel,42.78696,38819900
3/1/24,Intel,43.36763,41426100
4/1/24,Intel,44.06040,31712600
5/1/24,Intel,30.05648,60654800
6/1/24,Intel,30.09906,35544900
7/1/24,Intel,30.64560,32401800
8/1/24,Intel,28.86688,107672500
9/1/24,Intel,20.10000,115305500
10/1/24,Intel,22.69000,86344400
11/1/24,Intel,23.20000,173471100
12/1/24,Intel,23.93000,150497900
1/1/25,Intel,20.22000,46438500
2/1/25,Intel,19.38000,77523100
3/1/25,Intel,22.74000,141348700
4/1/25,Intel,22.05000,64060400
5/1/25,Intel,19.98000,72607500
6/1/25,Intel,19.74000,67885500
7/1/25,Intel,22.85000,79094900
8/1/25,Intel,19.31000,86496100
9/1/25,Intel,24.21000,57661800
10/1/25,Intel,35.94000,162649700
11/1/25,Intel,39.50000,61267500
12/1/25,Intel,40.01000,74534900
1/1/26,Intel,39.38000,95396400
2/1/26,Intel,48.81000,101414600
3/1/26,Intel,45.50000,60705100
4/1/26,Intel,48.03000,129598500
5/1/26,Intel,99.62000,158502800
6/1/26,Intel,109.33000,134900400
7/1/26,Intel,127.02000,113107200
8/1/26,Intel,91.00000,96633600
9/1/26,Intel,88.97000,73962100