Month,Company,Price,Volume
1/1/85,Apple,0.095596038,175302400
2/1/85,Apple,0.098167963,137737600
3/1/85,Apple,0.085307606,247430400
4/1/85,Apple,0.074161783,114060800
5/1/85,Apple,0.07158988,57344000
6/1/85,Apple,0.054871589,576016000
7/1/85,Apple,0.062158722,103443200
8/1/85,Apple,0.054442942,51564800
9/1/85,Apple,0.050584294,37452800
10/1/85,Apple,0.054014284,88345600
11/1/85,Apple,0.063873336,92556800
12/1/85,Apple,0.069446608,100195200
1/1/86,Apple,0.076305069,117420800
2/1/86,Apple,0.081878379,350022400
3/1/86,Apple,0.084450267,108819200
4/1/86,Apple,0.093452781,222723200
5/1/86,Apple,0.103741266,257936000
6/1/86,Apple,0.127318755,199248000
7/1/86,Apple,0.12131685,87718400
8/1/86,Apple,0.107599124,150080000
9/1/86,Apple,0.119173564,232960000
10/1/86,Apple,0.117030367,138588800
11/1/86,Apple,0.12003091,151827200
12/1/86,Apple,0.137606516,347200000
1/1/87,Apple,0.140179157,120870400
2/1/87,Apple,0.191620708,246400000
3/1/87,Apple,0.23148796,396480000
4/1/87,Apple,0.22891596,217862400
5/1/87,Apple,0.274356514,132720000
6/1/87,Apple,0.267045766,83305600
7/1/87,Apple,0.274774075,94830400
8/1/87,Apple,0.276491314,63358400
9/1/87,Apple,0.361106962,138880000
10/1/87,Apple,0.400656581,116480000
11/1/87,Apple,0.266531259,188160000
12/1/87,Apple,0.229199842,181440000
1/1/88,Apple,0.308472186,330400000
2/1/88,Apple,0.287792355,199360000
3/1/88,Apple,0.298720181,171360000
4/1/88,Apple,0.267639369,181440000
5/1/88,Apple,0.283179402,82196800
6/1/88,Apple,0.29412058,229600000
7/1/88,Apple,0.321803004,94539200
8/1/88,Apple,0.31142211,85937600
9/1/88,Apple,0.269540936,246736000
10/1/88,Apple,0.294675022,90776000
11/1/88,Apple,0.263474613,143696000
12/1/88,Apple,0.269383311,212161600
1/1/89,Apple,0.28068012,100016000
2/1/89,Apple,0.272859037,487558400
3/1/89,Apple,0.250956327,170128000
4/1/89,Apple,0.243984953,166286400
5/1/89,Apple,0.271868706,80662400
6/1/89,Apple,0.340580761,179502400
7/1/89,Apple,0.28469035,48350400
8/1/89,Apple,0.278577745,139540800
9/1/89,Apple,0.312502682,74121600
10/1/89,Apple,0.310751081,137401600
11/1/89,Apple,0.323006123,61185600
12/1/89,Apple,0.308884382,146227200
1/1/90,Apple,0.26149863,183198400
2/1/90,Apple,0.236050799,117073600
3/1/90,Apple,0.241213426,203896000
4/1/90,Apple,0.283469468,148769600
5/1/90,Apple,0.279067904,163609600
6/1/90,Apple,0.287786722,157236800
7/1/90,Apple,0.31073913,135408000
8/1/90,Apple,0.299263,93508800
9/1/90,Apple,0.262093246,82745600
10/1/90,Apple,0.216049477,155657600
11/1/90,Apple,0.216049477,90652800
12/1/90,Apple,0.270965546,165401600
1/1/91,Apple,0.309166968,154985600
2/1/91,Apple,0.396231323,444550400
3/1/91,Apple,0.411309421,126134400
4/1/91,Apple,0.487873316,117924800
5/1/91,Apple,0.336525917,1868372800
6/1/91,Apple,0.351667762,220068800
7/1/91,Apple,0.303469509,194824000
8/1/91,Apple,0.350775272,448425600
9/1/91,Apple,0.375720739,68376000
10/1/91,Apple,0.36319679,131376000
11/1/91,Apple,0.364985555,201264000
12/1/91,Apple,0.371244162,118899200
1/1/92,Apple,0.426840842,233632000
2/1/92,Apple,0.471677572,158132800
3/1/92,Apple,0.483339727,89252800
4/1/92,Apple,0.424045712,159656000
5/1/92,Apple,0.425842434,134377600
6/1/92,Apple,0.414096147,248046400
7/1/92,Apple,0.352881849,143528000
8/1/92,Apple,0.329476327,68544000
9/1/92,Apple,0.335778087,60289600
10/1/92,Apple,0.319530219,122729600
11/1/92,Apple,0.377298653,170094400
12/1/92,Apple,0.421519578,130144000
1/1/93,Apple,0.421519578,129136000
2/1/93,Apple,0.44322896,240553600
3/1/93,Apple,0.386177778,119302400
4/1/93,Apple,0.37530008,108203200
5/1/93,Apple,0.376206547,65184000
6/1/93,Apple,0.414238274,135072000
7/1/93,Apple,0.27615875,218164800
8/1/93,Apple,0.207118705,216305600
9/1/93,Apple,0.19069466,225568000
10/1/93,Apple,0.16605939,335988800
11/1/93,Apple,0.229928434,105974400
12/1/93,Apple,0.230754629,111216000
1/1/94,Apple,0.218850568,181529600
2/1/94,Apple,0.243574366,156721600
3/1/94,Apple,0.26650542,211870400
4/1/94,Apple,0.244449601,168302400
5/1/94,Apple,0.227908179,123222400
6/1/94,Apple,0.20851019,385761600
7/1/94,Apple,0.19005838,179278400
8/1/94,Apple,0.246337354,229275200
9/1/94,Apple,0.259226352,204288000
10/1/94,Apple,0.24533914,129595200
11/1/94,Apple,0.319404066,218097600
12/1/94,Apple,0.268827736,309321600
1/1/95,Apple,0.285078019,103868800
2/1/95,Apple,0.298078299,158368000
3/1/95,Apple,0.297966778,224448000
4/1/95,Apple,0.264445096,154302400
5/1/95,Apple,0.284930706,177956800
6/1/95,Apple,0.315132916,186726400
7/1/95,Apple,0.350614905,39390400
8/1/95,Apple,0.324937373,210918400
9/1/95,Apple,0.321611375,98380800
10/1/95,Apple,0.281819671,392000000
11/1/95,Apple,0.274329066,193233600
12/1/95,Apple,0.282697588,204209600
1/1/96,Apple,0.241372347,139294400
2/1/96,Apple,0.21319671,333043200
3/1/96,Apple,0.201926306,231134400
4/1/96,Apple,0.191595778,158636800
5/1/96,Apple,0.183142751,112705600
6/1/96,Apple,0.185960159,125462400
7/1/96,Apple,0.161541,131980800
8/1/96,Apple,0.159662709,110163200
9/1/96,Apple,0.18126452,68297600
10/1/96,Apple,0.185021028,539246400
11/1/96,Apple,0.182203636,211332800
12/1/96,Apple,0.188777551,174977600
1/1/97,Apple,0.157784492,143113600
2/1/97,Apple,0.122564457,368110400
3/1/97,Apple,0.121155784,130457600
4/1/97,Apple,0.131487027,220259200
5/1/97,Apple,0.127730533,72340800
6/1/97,Apple,0.127260938,41585600
7/1/97,Apple,0.099085264,450676800
8/1/97,Apple,0.144166261,481913600
9/1/97,Apple,0.168115765,186043200
10/1/97,Apple,0.161775783,130468800
11/1/97,Apple,0.130547985,126011200
12/1/97,Apple,0.133365273,87236800
1/1/98,Apple,0.122094855,718110400
2/1/98,Apple,0.132895768,636742400
3/1/98,Apple,0.170933187,400444800
4/1/98,Apple,0.206622809,186883200
5/1/98,Apple,0.210379273,184072000
6/1/98,Apple,0.197230548,319692800
7/1/98,Apple,0.224936754,314115200
8/1/98,Apple,0.263913333,301761600
9/1/98,Apple,0.256400198,869075200
10/1/98,Apple,0.268139362,370216000
11/1/98,Apple,0.282697588,253769600
12/1/98,Apple,0.256400198,865737600
1/1/99,Apple,0.309934109,952884800
2/1/99,Apple,0.307585537,278913600
3/1/99,Apple,0.25358206,487827200
4/1/99,Apple,0.27095753,262057600
5/1/99,Apple,0.372389853,1470436800
6/1/99,Apple,0.336701155,461025600
7/1/99,Apple,0.340457648,149217600
8/1/99,Apple,0.418880314,362443200
9/1/99,Apple,0.515616834,788625600
10/1/99,Apple,0.463726521,614790400
11/1/99,Apple,0.583238602,278577600
12/1/99,Apple,0.77436471,618564800
1/1/00,Apple,0.841047704,535796800
2/1/00,Apple,0.753232837,318035200
3/1/00,Apple,0.979108989,1077003200
4/1/00,Apple,1.001649618,328563200
5/1/00,Apple,0.934027672,226195200
6/1/00,Apple,0.669645131,903840000
7/1/00,Apple,0.801132023,70828800
8/1/00,Apple,0.741023242,137284000
9/1/00,Apple,0.953282177,256872000
10/1/00,Apple,0.364407271,2424788800
11/1/00,Apple,0.308055013,575366400
12/1/00,Apple,0.256400198,385705600
1/1/01,Apple,0.223527998,452312000
2/1/01,Apple,0.317447186,369695200
3/1/01,Apple,0.281757653,330461600
4/1/01,Apple,0.324435174,340911200
5/1/01,Apple,0.389652789,427252000
6/1/01,Apple,0.313916177,456075200
7/1/01,Apple,0.359147787,230048000
8/1/01,Apple,0.286416173,304136000
9/1/01,Apple,0.274244636,348213600
10/1/01,Apple,0.233521,208208000
11/1/01,Apple,0.27935338,312995200
12/1/01,Apple,0.316320449,181165600
1/1/02,Apple,0.350131005,529496800
2/1/02,Apple,0.366811454,398305600
3/1/02,Apple,0.352385372,348992000
4/1/02,Apple,0.36756292,199046400
5/1/02,Apple,0.360349357,214704000
6/1/02,Apple,0.344270676,235110400
7/1/02,Apple,0.256362379,222689600
8/1/02,Apple,0.222401202,228956000
9/1/02,Apple,0.211130798,276936800
10/1/02,Apple,0.218043074,342423200
11/1/02,Apple,0.245843366,189828800
12/1/02,Apple,0.228110939,398742400
1/1/03,Apple,0.222401202,181428800
2/1/03,Apple,0.220297396,264784800
3/1/03,Apple,0.220146745,203761600
4/1/03,Apple,0.212783486,154341600
5/1/03,Apple,0.215789393,342759200
6/1/03,Apple,0.262222707,418588800
7/1/03,Apple,0.286867291,180992000
8/1/03,Apple,0.311512023,149604000
9/1/03,Apple,0.343369365,242132800
10/1/03,Apple,0.312413275,236112800
11/1/03,Apple,0.347877294,302842400
12/1/03,Apple,0.326238513,361536000
1/1/04,Apple,0.319776505,144642400
2/1/04,Apple,0.335404336,287431200
3/1/04,Apple,0.360951155,321680800
4/1/04,Apple,0.407384247,318332000
5/1/04,Apple,0.391756564,297634400
6/1/04,Apple,0.421659976,182134400
7/1/04,Apple,0.485375315,341941600
8/1/04,Apple,0.47455588,365092000
9/1/04,Apple,0.538871348,515726400
10/1/04,Apple,0.581097901,465404800
11/1/04,Apple,0.788170934,602050400
12/1/04,Apple,1.018686771,800553600
1/1/05,Apple,0.951065063,691992000
2/1/05,Apple,1.165050149,678395200
3/1/05,Apple,1.337411523,468188000
4/1/05,Apple,1.228915215,641284000
5/1/05,Apple,1.094873667,465920000
6/1/05,Apple,1.211183906,453812800
7/1/05,Apple,1.096977592,250000800
8/1/05,Apple,1.284816742,314249600
9/1/05,Apple,1.390306711,356367200
10/1/05,Apple,1.636150122,507553200
11/1/05,Apple,1.72811532,749686000
12/1/05,Apple,2.151880026,812893200
1/1/06,Apple,2.246550083,807234400
2/1/06,Apple,2.266685963,521186400
3/1/06,Apple,2.076743841,763817600
4/1/06,Apple,1.882894993,815791200
5/1/06,Apple,2.091771603,750380400
6/1/06,Apple,1.868469,942508000
7/1/06,Apple,1.741640925,194770800
8/1/06,Apple,2.019040585,711765600
9/1/06,Apple,2.055104494,408494800
10/1/06,Apple,2.249855518,712639200
11/1/06,Apple,2.379089594,611192400
12/1/06,Apple,2.744548798,795079600
1/1/07,Apple,2.518540621,1238319600
2/1/07,Apple,2.546792507,664342000
3/1/07,Apple,2.616517305,1415528800
4/1/07,Apple,2.81457448,501992400
5/1/07,Apple,2.989489317,532523600
6/1/07,Apple,3.558415174,885262000
7/1/07,Apple,3.644370794,994862400
8/1/07,Apple,4.057315826,1750156800
9/1/07,Apple,4.332611084,1316842800
10/1/07,Apple,4.698671341,837068400
11/1/07,Apple,5.633355618,805036400
12/1/07,Apple,5.375492573,961469600
1/1/08,Apple,5.855757713,1079178800
2/1/08,Apple,4.019748211,1010744000
3/1/08,Apple,3.658495903,1593043200
4/1/08,Apple,4.494002342,1032567200
5/1/08,Apple,5.409751892,903576800
6/1/08,Apple,5.593086243,679840000
7/1/08,Apple,5.249864578,1111280800
8/1/08,Apple,4.708289623,544639200
9/1/08,Apple,4.994706154,780763200
10/1/08,Apple,3.279513359,1296484000
11/1/08,Apple,3.214595318,1057938000
12/1/08,Apple,2.672718048,923767600
1/1/09,Apple,2.727416277,746015200
2/1/09,Apple,2.750257254,558247200
3/1/09,Apple,2.642964602,770929600
4/1/09,Apple,3.266588926,589372000
5/1/09,Apple,3.824095011,397516000
6/1/09,Apple,4.188049793,452499600
7/1/09,Apple,4.292640209,414178800
8/1/09,Apple,5.001918793,394240000
9/1/09,Apple,4.967956543,469028000
10/1/09,Apple,5.435600281,524711600
11/1/09,Apple,5.689558506,678983200
12/1/09,Apple,5.919773102,465763200
1/1/10,Apple,6.43189764,493729600
2/1/10,Apple,5.852451801,749876400
3/1/10,Apple,6.28102541,550093600
4/1/10,Apple,7.091884136,603145200
5/1/10,Apple,8.004935265,454342000
6/1/10,Apple,7.839036465,876472800
7/1/10,Apple,7.46786499,1022896000
8/1/10,Apple,7.869687557,428055600
9/1/10,Apple,7.523465633,697037600
10/1/10,Apple,8.490908623,448142800
11/1/10,Apple,9.141881943,423889200
12/1/10,Apple,9.509144783,461750800
1/1/11,Apple,9.904953957,445138400
2/1/11,Apple,10.36959648,426633200
3/1/11,Apple,10.49822998,456136800
4/1/11,Apple,10.35546875,418661600
5/1/11,Apple,10.40716457,442713600
6/1/11,Apple,10.38402176,554682800
7/1/11,Apple,10.31640053,435313200
8/1/11,Apple,11.92399788,612836000
9/1/11,Apple,11.45154381,343725200
10/1/11,Apple,11.25829601,669099200
11/1/11,Apple,11.91678524,531790000
12/1/11,Apple,11.65891933,387181200
1/1/12,Apple,12.35918331,302220800
2/1/12,Apple,13.71041965,270046000
3/1/12,Apple,16.36359787,683270000
4/1/12,Apple,18.59242249,598351600
5/1/12,Apple,17.49544144,610999200
6/1/12,Apple,16.86009216,520987600
7/1/12,Apple,17.80770493,400092000
8/1/12,Apple,18.23718071,384501600
9/1/12,Apple,20.37277031,367892000
10/1/12,Apple,19.90251541,543594800
11/1/12,Apple,18.00549889,361298000
12/1/12,Apple,17.77391243,364280000
1/1/13,Apple,16.64718437,560518000
2/1/13,Apple,13.75424671,539484400
3/1/13,Apple,13.1283884,552448400
4/1/13,Apple,13.08081055,389732000
5/1/13,Apple,13.39737511,506909200
6/1/13,Apple,13.83694935,372352400
7/1/13,Apple,12.56291676,391053600
8/1/13,Apple,14.01992416,206250800
9/1/13,Apple,15.09827709,331928800
10/1/13,Apple,15.07912064,353883600
11/1/13,Apple,16.07016182,274890000
12/1/13,Apple,17.13376999,472544800
1/1/14,Apple,17.1928215,234684800
2/1/14,Apple,15.58894634,401464000
3/1/14,Apple,16.50244713,238781200
4/1/14,Apple,16.93677139,200760000
5/1/14,Apple,18.49488831,244048000
6/1/14,Apple,19.76694679,369350800
7/1/14,Apple,20.58416748,152892000
8/1/14,Apple,21.15863609,194044000
9/1/14,Apple,22.84988403,214256000
10/1/14,Apple,21.93854904,205965200
11/1/14,Apple,24.19919777,209130400
12/1/14,Apple,25.56376648,335256000
1/1/15,Apple,24.28858566,212818400
2/1/15,Apple,26.35465622,250956400
3/1/15,Apple,28.79161453,192386800
4/1/15,Apple,27.71212387,162485600
5/1/15,Apple,28.76038742,234050400
6/1/15,Apple,29.23662758,128451200
7/1/15,Apple,28.35420036,120955200
8/1/15,Apple,26.52663231,279904000
9/1/15,Apple,24.23490715,307383600
10/1/15,Apple,24.65337753,255716400
11/1/15,Apple,27.26314545,128813200
12/1/15,Apple,26.5122261,139409600
1/1/16,Apple,23.80315971,270597600
2/1/16,Apple,21.78775024,163774000
3/1/16,Apple,22.83736801,201628400
4/1/16,Apple,24.98639107,103496000
5/1/16,Apple,21.2721653,192640400
6/1/16,Apple,22.50331116,116693200
7/1/16,Apple,21.91592407,104106000
8/1/16,Apple,24.23801804,152671600
9/1/16,Apple,24.52558708,106806000
10/1/16,Apple,25.85606766,86807200
11/1/16,Apple,25.61938667,175303200
12/1/16,Apple,25.28897667,148347600
1/1/17,Apple,26.8272419,115127600
2/1/17,Apple,29.73748398,447940000
3/1/17,Apple,32.42737579,145658400
4/1/17,Apple,33.3343811,79942800
5/1/17,Apple,34.00245667,134411600
6/1/17,Apple,35.68015671,65616400
7/1/17,Apple,33.42539597,57111200
8/1/17,Apple,34.95108414,141474400
9/1/17,Apple,38.36214828,66364400
10/1/17,Apple,35.96757507,74795200
11/1/17,Apple,39.02627563,134551200
12/1/17,Apple,40.14284515,159037200
1/1/18,Apple,40.42681503,102223600
2/1/18,Apple,39.37543869,188923200
3/1/18,Apple,41.23732758,195208000
4/1/18,Apple,39.27676773,150347200
5/1/18,Apple,39.84702301,214277600
6/1/18,Apple,45.0013504,93770000
7/1/18,Apple,44.27750397,70925200
8/1/18,Apple,47.66490936,271742800
9/1/18,Apple,54.20810699,109560400
10/1/18,Apple,53.94697952,94403200
11/1/18,Apple,52.75060272,233292800
12/1/18,Apple,44.02565384,163210000
1/1/19,Apple,37.61784744,148158800
2/1/19,Apple,39.6664505,130672400
3/1/19,Apple,41.8580513,103544800
4/1/19,Apple,45.75032425,111448000
5/1/19,Apple,50.36268997,259309200
6/1/19,Apple,41.61819839,161584400
7/1/19,Apple,48.40247726,109012000
8/1/19,Apple,50.05470657,216071600
9/1/19,Apple,49.58679581,80092000
10/1/19,Apple,54.14048386,139223200
11/1/19,Apple,61.66890335,151125200
12/1/19,Apple,63.87055969,94487200
1/1/20,Apple,72.62084198,135480400
2/1/20,Apple,74.63008881,173788400
3/1/20,Apple,72.41993713,341397200
4/1/20,Apple,58.38723755,176218400
5/1/20,Apple,70.05934906,240616800
6/1/20,Apple,78.21511078,80791200
7/1/20,Apple,88.48501587,110737200
8/1/20,Apple,105.8947754,308151200
9/1/20,Apple,130.6674042,151948100
10/1/20,Apple,113.7326584,116120400
11/1/20,Apple,105.9225769,122866900
12/1/20,Apple,119.7135773,127728200
1/1/21,Apple,126.2396927,143301900
2/1/21,Apple,130.8538055,106239800
3/1/21,Apple,124.845665,116307900
4/1/21,Apple,120.1660233,75089100
5/1/21,Apple,129.4862061,75135100
6/1/21,Apple,121.622757,67637100
7/1/21,Apple,134.3350677,52485800
8/1/21,Apple,142.4086151,62880000
9/1/21,Apple,149.4727936,80313700
10/1/21,Apple,139.8091278,94639600
11/1/21,Apple,145.9934845,74588300
12/1/21,Apple,161.7243042,152052500
1/1/22,Apple,178.6456451,104487900
2/1/22,Apple,171.3824005,86213900
3/1/22,Apple,160.3874359,83474400
4/1/22,Apple,171.305954,78751300
5/1/22,Apple,155.2377319,123055300
6/1/22,Apple,146.3618622,74286600
7/1/22,Apple,136.7362823,71051600
8/1/22,Apple,158.9597778,67829400
9/1/22,Apple,155.6817932,74229900
10/1/22,Apple,140.395462,114311700
11/1/22,Apple,148.4771881,80379300
12/1/22,Apple,146.4134216,71250400
1/1/23,Apple,123.4706116,112117500
2/1/23,Apple,143.5702515,77663600
3/1/23,Apple,143.6708069,55479000
4/1/23,Apple,164.2954865,56976200
5/1/23,Apple,167.6769104,52472900
6/1/23,Apple,178.3047485,68901800
7/1/23,Apple,190.5521393,31458200
8/1/23,Apple,193.6708984,35175100
9/1/23,Apple,187.8352203,45732600
10/1/23,Apple,172.259903,52164500
11/1/23,Apple,172.4780579,56934900
12/1/23,Apple,189.8497162,45679300
1/1/24,Apple,184.2904205,82488700
2/1/24,Apple,185.5015564,64885400
3/1/24,Apple,178.5814819,73488000
4/1/24,Apple,169.0092773,46240500
5/1/24,Apple,168.2836609,50383100
6/1/24,Apple,193.1268158,50080500
7/1/24,Apple,215.7410431,60402900
8/1/24,Apple,217.3435669,62501000
9/1/24,Apple,221.9896851,50190600
10/1/24,Apple,225.4176483,63285000
11/1/24,Apple,222.1291962,65276700
12/1/24,Apple,239.0134277,48137100
1/1/25,Apple,243.2631989,55740700
2/1/25,Apple,227.4612885,73063300
3/1/25,Apple,237.7182617,47184000
4/1/25,Apple,222.8977051,36412700
5/1/25,Apple,213.0406342,57365700
6/1/25,Apple,201.6999969,35423300
1/1/85,IBM,9.992534637,3650540
2/1/85,IBM,11.20031738,3474394
3/1/85,IBM,11.31211376,5786472
4/1/85,IBM,10.66690159,3517907
5/1/85,IBM,10.45876884,4748840
6/1/85,IBM,10.84531116,5271840
7/1/85,IBM,10.48835278,3723760
8/1/85,IBM,11.12878132,5690240
9/1/85,IBM,10.76897717,4263496
10/1/85,IBM,10.72662449,5815760
11/1/85,IBM,11.08664227,4727920
12/1/85,IBM,11.77675819,2809556
1/1/86,IBM,12.98326015,7550446
2/1/86,IBM,13.20747757,5803626
3/1/86,IBM,13.01153755,10691375
4/1/86,IBM,12.82873249,9229904
5/1/86,IBM,13.49544048,4895280
6/1/86,IBM,13.19352055,5355520
7/1/86,IBM,12.87938595,7317816
8/1/86,IBM,11.38455772,3183187
9/1/86,IBM,11.88504696,8075120
10/1/86,IBM,11.62287331,5230000
11/1/86,IBM,11.0439167,5146320
12/1/86,IBM,11.22943974,5062640
1/1/87,IBM,10.75557232,2866040
2/1/87,IBM,11.65921974,8368000
3/1/87,IBM,12.31044292,4351360
4/1/87,IBM,13.43260384,11087600
5/1/87,IBM,14.27699471,9957920
6/1/87,IBM,14.28233242,5564720
7/1/87,IBM,14.67377758,6443360
8/1/87,IBM,14.24877739,8577200
9/1/87,IBM,14.67383862,9288480
10/1/87,IBM,13.93057919,7984746
11/1/87,IBM,11.21654129,6690216
12/1/87,IBM,10.11504936,6743353
1/1/88,IBM,10.97881031,7678058
2/1/88,IBM,10.00140095,7859226
3/1/88,IBM,10.74629974,8254195
4/1/88,IBM,9.873735428,6265958
5/1/88,IBM,10.482234,4371862
6/1/88,IBM,10.49229622,9107731
7/1/88,IBM,11.74442101,4435040
8/1/88,IBM,11.70963669,4544242
9/1/88,IBM,10.31588078,6226210
10/1/88,IBM,10.74863338,4363912
11/1/88,IBM,11.60243988,5344642
12/1/88,IBM,11.16488743,3755977
1/1/89,IBM,11.4245348,6041696
2/1/89,IBM,12.23889351,9072586
3/1/89,IBM,11.41518879,6274326
4/1/89,IBM,10.3319931,5359704
5/1/89,IBM,10.79621792,4930007
6/1/89,IBM,10.5897541,5863458
7/1/89,IBM,10.80635643,2563955
8/1/89,IBM,11.03500271,8334528
9/1/89,IBM,11.42096996,4392363
10/1/89,IBM,10.56956482,6463862
11/1/89,IBM,9.730323792,7556722
12/1/89,IBM,9.566333771,6000693
1/1/90,IBM,9.652515411,7365514
2/1/90,IBM,9.627890587,7221166
3/1/90,IBM,10.37104607,4697377
4/1/90,IBM,10.55802631,5432087
5/1/90,IBM,10.76994228,4879381
6/1/90,IBM,12.05019283,6451728
7/1/90,IBM,11.94935417,3832544
8/1/90,IBM,11.25609016,7155895
9/1/90,IBM,10.45291615,5022892
10/1/90,IBM,11.11578846,7745839
11/1/90,IBM,10.93732071,5162638
12/1/90,IBM,11.69248962,6569717
1/1/91,IBM,11.56358147,4341737
2/1/91,IBM,13.08475399,8029514
3/1/91,IBM,13.6402626,7774290
4/1/91,IBM,11.68793583,5953832
5/1/91,IBM,10.82891464,8134533
6/1/91,IBM,11.20706463,5530411
7/1/91,IBM,10.36423302,5625806
8/1/91,IBM,10.66712761,3778152
9/1/91,IBM,10.4499197,6938746
10/1/91,IBM,10.94309521,2938423
11/1/91,IBM,10.48990726,8945392
12/1/91,IBM,9.959284782,9823195
1/1/92,IBM,9.743361473,7451286
2/1/92,IBM,9.864816666,6356751
3/1/92,IBM,9.573421478,6030818
4/1/92,IBM,9.067396164,8236622
5/1/92,IBM,9.915328979,8679290
6/1/92,IBM,10.04550362,4902811
7/1/92,IBM,10.89071369,6388550
8/1/92,IBM,10.51660633,2777758
9/1/92,IBM,9.842953682,4035050
10/1/92,IBM,9.000473976,8942045
11/1/92,IBM,7.736752987,9715666
12/1/92,IBM,7.747743607,8743723
1/1/93,IBM,5.732183456,14879978
2/1/93,IBM,6.01807785,12717268
3/1/93,IBM,6.32793045,10979653
4/1/93,IBM,5.995640278,8023238
5/1/93,IBM,5.692245007,5531666
6/1/93,IBM,6.076545238,8153361
7/1/93,IBM,5.755187511,3745935
8/1/93,IBM,5.127085209,5598610
9/1/93,IBM,5.391172409,8321558
10/1/93,IBM,5.156132698,13962426
11/1/93,IBM,5.611516476,16581610
12/1/93,IBM,6.274089336,9980095
1/1/94,IBM,6.805538177,5986467
2/1/94,IBM,6.672677517,7775546
3/1/94,IBM,6.361666679,8514022
4/1/94,IBM,6.287519455,11568760
5/1/94,IBM,6.880682945,6729964
6/1/94,IBM,7.565913677,7069286
7/1/94,IBM,6.79144907,15974930
8/1/94,IBM,7.491444111,7411538
9/1/94,IBM,8.119405746,11625244
10/1/94,IBM,8.23902607,4880636
11/1/94,IBM,8.837146759,10460000
12/1/94,IBM,8.342165947,6943348
1/1/95,IBM,8.852301598,4886494
2/1/95,IBM,8.837295532,13773728
3/1/95,IBM,9.07776165,8579292
4/1/95,IBM,9.981020927,7924914
5/1/95,IBM,11.09503555,14241499
6/1/95,IBM,11.38115025,10576734
7/1/95,IBM,11.78870678,2859346
8/1/95,IBM,13.2377634,12662458
9/1/95,IBM,12.43613052,7610278
10/1/95,IBM,11.316576,9924030
11/1/95,IBM,11.72506428,8614019
12/1/95,IBM,11.49696827,10526526
1/1/96,IBM,11.02678013,10495146
2/1/96,IBM,13.2260685,17061515
3/1/96,IBM,14.36459351,33659862
4/1/96,IBM,13.42215443,9955828
5/1/96,IBM,13.11814308,8775522
6/1/96,IBM,12.85662842,7278068
7/1/96,IBM,12.38384819,10156660
8/1/96,IBM,13.08539772,13056590
9/1/96,IBM,14.10649776,9236598
10/1/96,IBM,15.14689064,10236156
11/1/96,IBM,15.60588741,8649583
12/1/96,IBM,20.00481415,13874144
1/1/97,IBM,18.80820847,17562340
2/1/97,IBM,19.00764847,11086763
3/1/97,IBM,17.8530407,13823518
4/1/97,IBM,16.82276535,12256610
5/1/97,IBM,19.85209656,12523967
6/1/97,IBM,21.48788834,6912596
7/1/97,IBM,22.6439743,5493174
8/1/97,IBM,25.83479691,8371766
9/1/97,IBM,25.71289635,9504584
10/1/97,IBM,25.57391548,7917383
11/1/97,IBM,25.11061478,9067983
12/1/97,IBM,27.86740875,12164352
1/1/98,IBM,26.14988708,5512420
2/1/98,IBM,24.89653206,7191668
3/1/98,IBM,25.28775024,7301498
4/1/98,IBM,25.90793419,5522462
5/1/98,IBM,28.99331856,5180838
6/1/98,IBM,29.12522125,7643540
7/1/98,IBM,29.01648903,6624109
8/1/98,IBM,32.99305344,8740167
9/1/98,IBM,29.36180496,17572172
10/1/98,IBM,31.2134304,13114120
11/1/98,IBM,36.93954468,7285808
12/1/98,IBM,42.35474014,7611324
1/1/99,IBM,45.62715149,8524482
2/1/99,IBM,44.81685257,7747931
3/1/99,IBM,42.03644943,10031977
4/1/99,IBM,44.18976212,5555097
5/1/99,IBM,52.99026871,9447681
6/1/99,IBM,55.98711777,7487791
7/1/99,IBM,65.48496246,6183534
8/1/99,IBM,61.11091232,4775095
9/1/99,IBM,63.6723671,6552562
10/1/99,IBM,58.9188385,11044609
11/1/99,IBM,48.41102219,9991183
12/1/99,IBM,51.81835938,5581874
1/1/00,IBM,58.12048721,10823694
2/1/00,IBM,55.11426544,7640716
3/1/00,IBM,50.28200531,11304959
4/1/00,IBM,61.19102859,8070518
5/1/00,IBM,56.17540741,4389121
6/1/00,IBM,53.23012924,5975275
7/1/00,IBM,54.9877243,2410402
8/1/00,IBM,55.48989868,3134339
9/1/00,IBM,67.17771149,6042010
10/1/00,IBM,59.22826385,9280321
11/1/00,IBM,49.55060577,7809645
12/1/00,IBM,48.13501358,7871255
1/1/01,IBM,42.69229507,8375531
2/1/01,IBM,57.40963364,5837517
3/1/01,IBM,53.44351196,15796692
4/1/01,IBM,47.70355988,9191202
5/1/01,IBM,59.72264862,8149177
6/1/01,IBM,56.95931244,5375289
7/1/01,IBM,57.69599152,6185103
8/1/01,IBM,54.01773453,6313761
9/1/01,IBM,51.27492142,10346823
10/1/01,IBM,46.83908844,9075305
11/1/01,IBM,55.51878738,8393104
12/1/01,IBM,57.73207092,6051947
1/1/02,IBM,61.46015167,7178489
2/1/02,IBM,54.63123703,7112277
3/1/02,IBM,52.18086624,10975573
4/1/02,IBM,52.09981155,5844002
5/1/02,IBM,42.69895554,12765175
6/1/02,IBM,39.6413765,8769246
7/1/02,IBM,34.30749512,12610471
8/1/02,IBM,34.63737106,9238272
9/1/02,IBM,36.79942703,7164472
10/1/02,IBM,31.11294174,12178369
11/1/02,IBM,40.89389801,9827379
12/1/02,IBM,44.48514938,10140133
1/1/03,IBM,41.05576706,8226267
2/1/03,IBM,39.8379097,6990941
3/1/03,IBM,39.48141479,6922742
4/1/03,IBM,40.19618225,8223024
5/1/03,IBM,43.8517952,7830042
6/1/03,IBM,44.66867828,8051271
7/1/03,IBM,42.75566483,6051947
8/1/03,IBM,41.56903839,6773268
9/1/03,IBM,43.95369339,12977094
10/1/03,IBM,46.30617523,8289759
11/1/03,IBM,45.96277237,6093159
12/1/03,IBM,46.72892761,5475705
1/1/04,IBM,47.00620651,5572879
2/1/04,IBM,51.03162384,6485200
3/1/04,IBM,49.90578079,4658884
4/1/04,IBM,47.50408554,4442257
5/1/04,IBM,45.26697159,6349325
6/1/04,IBM,45.41028976,5108978
7/1/04,IBM,45.09079742,5328219
8/1/04,IBM,44.67336655,3565186
9/1/04,IBM,43.49241638,4966931
10/1/04,IBM,44.78347015,4746748
11/1/04,IBM,46.53409958,5397988
12/1/04,IBM,49.60954666,5925067
1/1/05,IBM,50.57711029,5538779
2/1/05,IBM,48.56435394,3804720
3/1/05,IBM,48.36671448,3995615
4/1/05,IBM,46.88411331,5984375
5/1/05,IBM,39.66276932,7565195
6/1/05,IBM,39.93963623,7720108
7/1/05,IBM,38.8117485,4553343
8/1/05,IBM,43.36498642,3832858
9/1/05,IBM,41.44248199,6684568
10/1/05,IBM,41.91662216,5541290
11/1/05,IBM,42.51059723,5913143
12/1/05,IBM,46.5922699,4883251
1/1/06,IBM,42.85798645,12253995
2/1/06,IBM,42.7953186,5668588
3/1/06,IBM,41.83465958,5410226
4/1/06,IBM,43.48920441,4311194
5/1/06,IBM,43.05463028,6287611
6/1/06,IBM,42.40104675,5090359
7/1/06,IBM,40.99798965,3323456
8/1/06,IBM,40.01010895,4609408
9/1/06,IBM,42.94999695,3445524
10/1/06,IBM,43.19268417,4689532
11/1/06,IBM,48.43153381,6114602
12/1/06,IBM,48.29756546,5695888
1/1/07,IBM,51.48390961,9619853
2/1/07,IBM,52.39954758,6914792
3/1/07,IBM,48.98459625,13457522
4/1/07,IBM,50.54541397,6154350
5/1/07,IBM,54.77126694,9068925
6/1/07,IBM,56.78048325,5532503
7/1/07,IBM,55.96507263,4917560
8/1/07,IBM,59.71171188,12960254
9/1/07,IBM,63.21203613,8441743
10/1/07,IBM,63.66133118,7089056
11/1/07,IBM,60.78392792,7943742
12/1/07,IBM,56.80229187,8283065
1/1/08,IBM,56.19041824,9940661
2/1/08,IBM,58.54666519,8417267
3/1/08,IBM,61.54521942,6627142
4/1/08,IBM,62.76290131,12421668
5/1/08,IBM,66.59902954,8608789
6/1/08,IBM,68.89994812,7948868
7/1/08,IBM,64.52336884,10532592
8/1/08,IBM,68.51044464,5166926
9/1/08,IBM,64.30765533,12290291
10/1/08,IBM,59.81082535,13738582
11/1/08,IBM,50.33385086,8039870
12/1/08,IBM,41.99733734,10737190
1/1/09,IBM,47.71530914,7905877
2/1/09,IBM,49.6595192,10383014
3/1/09,IBM,48.89736176,15932358
4/1/09,IBM,53.59763718,12774693
5/1/09,IBM,57.44136047,6520973
6/1/09,IBM,59.81680298,8080350
7/1/09,IBM,57.86833572,5792016
8/1/09,IBM,66.19202423,6389177
9/1/09,IBM,64.70960236,6593775
10/1/09,IBM,65.38058472,7392605
11/1/09,IBM,66.85565186,7373672
12/1/09,IBM,71.26659393,6881216
1/1/10,IBM,73.77882385,6438444
2/1/10,IBM,69.44511414,7576073
3/1/10,IBM,71.93785095,4788274
4/1/10,IBM,71.75878906,5209603
5/1/10,IBM,72.51415253,5221737
6/1/10,IBM,69.92764282,7463628
7/1/10,IBM,68.93222809,10190237
8/1/10,IBM,73.53821564,6733625
9/1/10,IBM,71.08237457,5881763
10/1/10,IBM,76.66065216,5879775
11/1/10,IBM,81.00123596,5935632
12/1/10,IBM,81.97999573,7136649
1/1/11,IBM,83.72278595,4815575
2/1/11,IBM,92.85123444,6099540
3/1/11,IBM,91.17276764,4584409
4/1/11,IBM,93.62345123,4583467
5/1/11,IBM,98.11460876,5644425
6/1/11,IBM,95.35317993,5370792
7/1/11,IBM,99.92162323,5420058
8/1/11,IBM,103.4767303,6111464
9/1/11,IBM,97.93605042,5715239
10/1/11,IBM,99.63803101,9458560
11/1/11,IBM,104.2723465,6151735
12/1/11,IBM,109.3675461,5082305
1/1/12,IBM,107.5490952,5905716
2/1/12,IBM,111.1975708,5322885
3/1/12,IBM,114.4760742,3724074
4/1/12,IBM,121.3957367,3543743
5/1/12,IBM,120.5438766,2840831
6/1/12,IBM,110.038063,5445894
7/1/12,IBM,113.9663467,2957042
8/1/12,IBM,113.5880661,2677028
9/1/12,IBM,113.6989517,4722062
10/1/12,IBM,123.009285,5707917
11/1/12,IBM,115.2244263,3931705
12/1/12,IBM,111.2262955,3503682
1/1/13,IBM,115.2590637,4428869
2/1/13,IBM,120.4423065,3525752
3/1/13,IBM,119.6111908,3460482
4/1/13,IBM,125.1935272,2243147
5/1/13,IBM,117.6777191,5124459
6/1/13,IBM,123.7489548,3474812
7/1/13,IBM,113.2840729,4646750
8/1/13,IBM,115.9669037,3010074
9/1/13,IBM,109.4934692,3647611
10/1/13,IBM,110.9339066,2804535
11/1/13,IBM,106.6781311,3812147
12/1/13,IBM,106.2038803,4769760
1/1/14,IBM,111.0209732,4755639
2/1/14,IBM,103.4631805,7517393
3/1/14,IBM,110.8654633,4131805
4/1/14,IBM,117.0266037,5642229
5/1/14,IBM,116.4430618,3843004
6/1/14,IBM,112.3763504,3347723
7/1/14,IBM,112.7757797,6948683
8/1/14,IBM,114.4702911,5419431
9/1/14,IBM,116.6144028,2802966
10/1/14,IBM,113.941925,3894467
11/1/14,IBM,100.0560379,4903857
12/1/14,IBM,99.01242828,4360146
1/1/15,IBM,99.33113861,5779673
2/1/15,IBM,94.79547119,4928961
3/1/15,IBM,99.05272675,6190123
4/1/15,IBM,98.25033569,3871037
5/1/15,IBM,107.1939316,3464457
6/1/15,IBM,105.8347321,3122833
7/1/15,IBM,102.2961349,3362367
8/1/15,IBM,98.70159149,4828022
9/1/15,IBM,89.46913147,5514512
10/1/15,IBM,90.03974915,4059421
11/1/15,IBM,88.02060699,3998021
12/1/15,IBM,89.42224884,4388075
1/1/16,IBM,86.04866028,5469952
2/1/16,IBM,79.01033783,3739345
3/1/16,IBM,85.91735077,3962771
4/1/16,IBM,97.52259827,4106073
5/1/16,IBM,92.8868866,3663510
6/1/16,IBM,98.45728302,2785916
7/1/16,IBM,98.35400391,2780582
8/1/16,IBM,104.2287827,2953486
9/1/16,IBM,103.8852615,2466886
10/1/16,IBM,102.6285172,2330279
11/1/16,IBM,99.4899292,3338727
12/1/16,IBM,105.0116806,4848942
1/1/17,IBM,109.8542252,3069278
2/1/17,IBM,114.5193863,2924302
3/1/17,IBM,120.4977264,3143858
4/1/17,IBM,115.563942,4483679
5/1/17,IBM,105.1930008,5162324
6/1/17,IBM,102.0945587,3052333
7/1/17,IBM,104.0405502,2952335
8/1/17,IBM,97.16604614,3367597
9/1/17,IBM,97.36816406,3505878
10/1/17,IBM,99.11172485,3109967
11/1/17,IBM,104.0923309,3389249
12/1/17,IBM,105.6310043,5824023
1/1/18,IBM,105.2828903,4395815
2/1/18,IBM,110.8456573,4638173
3/1/18,IBM,106.0162354,4225108
4/1/18,IBM,103.4383545,5387318
5/1/18,IBM,99.94377136,4637336
6/1/18,IBM,98.92765808,4034945
7/1/18,IBM,97.47107697,3562048
8/1/18,IBM,100.0078583,3544266
9/1/18,IBM,102.6240005,3479205
10/1/18,IBM,107.7805786,3930240
11/1/18,IBM,82.30067444,14253528
12/1/18,IBM,89.39867401,6115334
1/1/19,IBM,82.19315338,4434935
2/1/19,IBM,95.6696701,3981076
3/1/19,IBM,100.4651794,3169380
4/1/19,IBM,103.4242935,4167578
5/1/19,IBM,101.4467163,3194170
6/1/19,IBM,93.67633057,4463177
7/1/19,IBM,102.1551514,3533074
8/1/19,IBM,109.7795639,6635824
9/1/19,IBM,99.08792114,2957983
10/1/19,IBM,106.151886,3096997
11/1/19,IBM,100.1445541,3231931
12/1/19,IBM,99.36855316,3208187
1/1/20,IBM,101.2451401,3293436
2/1/20,IBM,109.3569794,9295488
3/1/20,IBM,101.4562302,8923844
4/1/20,IBM,79.42746735,6394093
5/1/20,IBM,92.0660553,5152073
6/1/20,IBM,95.61281586,3003798
7/1/20,IBM,90.75140381,4869967
8/1/20,IBM,95.16879272,3688301
9/1/20,IBM,95.70905304,3300444
10/1/20,IBM,93.91744232,3359438
11/1/20,IBM,87.57302094,5555829
12/1/20,IBM,96.90807343,5553319
1/1/21,IBM,97.52180481,5417443
2/1/21,IBM,94.84651947,6538023
3/1/21,IBM,96.27340698,5977367
4/1/21,IBM,106.2324448,4261404
5/1/21,IBM,115.4180603,5997241
6/1/21,IBM,116.2561569,2528705
7/1/21,IBM,118.3927689,2809661
8/1/21,IBM,114.0227509,3064257
9/1/21,IBM,113.6064987,2588327
10/1/21,IBM,116.8850403,6907889
11/1/21,IBM,102.9880219,6177153
12/1/21,IBM,101.0717316,5958300
1/1/22,IBM,117.6000366,4605900
2/1/22,IBM,117.1591339,6206400
3/1/22,IBM,106.1648178,4873300
4/1/22,IBM,113.8636322,4012400
5/1/22,IBM,116.391983,4213500
6/1/22,IBM,123.4620743,3796500
7/1/22,IBM,124.9585419,4011900
8/1/22,IBM,116.9184036,4142100
9/1/22,IBM,116.2575226,3396200
10/1/22,IBM,108.9499512,4261700
11/1/22,IBM,123.914772,3590600
12/1/22,IBM,135.3364563,4495900
1/1/23,IBM,128.4317017,3338600
2/1/23,IBM,122.5704041,5428900
3/1/23,IBM,117.7385178,3760700
4/1/23,IBM,121.2929993,3840100
5/1/23,IBM,115.8097382,2725000
6/1/23,IBM,120.8614883,4136100
7/1/23,IBM,124.4457932,1477100
8/1/23,IBM,133.4391937,4797700
9/1/23,IBM,139.3160553,2727500
10/1/23,IBM,132.5922699,3275300
11/1/23,IBM,136.9241028,4750100
12/1/23,IBM,152.9056244,4871000
1/1/24,IBM,153.8103943,3825000
2/1/24,IBM,178.0010071,4669400
3/1/24,IBM,180.87323,4017300
4/1/24,IBM,182.4397736,2364300
5/1/24,IBM,158.0286102,4029900
6/1/24,IBM,160.4223633,2776100
7/1/24,IBM,169.9537506,3321000
8/1/24,IBM,184.0858154,4085400
9/1/24,IBM,197.072998,3874700
10/1/24,IBM,214.7653351,3548400
11/1/24,IBM,203.8973236,3334100
12/1/24,IBM,224.3919067,2655900
1/1/25,IBM,217.0401306,2579500
2/1/25,IBM,257.2923279,8408500
3/1/25,IBM,248.5361176,2977700
4/1/25,IBM,248.6851196,4412900
5/1/25,IBM,238.0757294,4243300
6/1/25,IBM,263.8999939,2831900
1/1/85,Intel,0.319439411,27259200
2/1/85,Intel,0.34847948,17068800
3/1/85,Intel,0.325247288,30768000
4/1/85,Intel,0.333959132,34238400
5/1/85,Intel,0.310727596,19166400
6/1/85,Intel,0.307823241,35952000
7/1/85,Intel,0.304919332,13296000
8/1/85,Intel,0.342671067,47001600
9/1/85,Intel,0.299111307,5212800
10/1/85,Intel,0.302015513,12724800
11/1/85,Intel,0.299111307,19108800
12/1/85,Intel,0.325247288,12388800
1/1/86,Intel,0.333959132,12508800
2/1/86,Intel,0.333959132,21004800
3/1/86,Intel,0.304919332,61262400
4/1/86,Intel,0.293303609,44630400
5/1/86,Intel,0.333959132,16646400
6/1/86,Intel,0.304919332,26136000
7/1/86,Intel,0.264263302,17217600
8/1/86,Intel,0.211991489,40636800
9/1/86,Intel,0.252647489,35164800
10/1/86,Intel,0.227963418,26827200
11/1/86,Intel,0.235223547,15993600
12/1/86,Intel,0.272975326,35688000
1/1/87,Intel,0.246839389,5788800
2/1/87,Intel,0.403655142,249600000
3/1/87,Intel,0.429791033,67200000
4/1/87,Intel,0.476255387,66720000
5/1/87,Intel,0.537239313,46454400
6/1/87,Intel,0.490775079,33244800
7/1/87,Intel,0.528527021,60000000
8/1/87,Intel,0.531431139,43200000
9/1/87,Intel,0.608386934,44740800
10/1/87,Intel,0.702767015,93600000
11/1/87,Intel,0.4617351,64000000
12/1/87,Intel,0.378971487,31769600
1/1/88,Intel,0.483515173,38400000
2/1/88,Intel,0.431243509,44160000
3/1/88,Intel,0.492227167,59840000
4/1/88,Intel,0.516184747,33920000
5/1/88,Intel,0.55321151,16131200
6/1/88,Intel,0.54449904,49280000
7/1/88,Intel,0.631618917,43708800
8/1/88,Intel,0.609838665,24812800
9/1/88,Intel,0.466091275,110915200
10/1/88,Intel,0.459557205,66560000
11/1/88,Intel,0.429065019,38732800
12/1/88,Intel,0.361547589,64003200
1/1/89,Intel,0.413819492,44566400
2/1/89,Intel,0.466091275,133936000
3/1/89,Intel,0.450845331,34886400
4/1/89,Intel,0.450845331,37027200
5/1/89,Intel,0.505294979,29603200
6/1/89,Intel,0.577169061,46771200
7/1/89,Intel,0.496583074,25654400
8/1/89,Intel,0.509651542,36284800
9/1/89,Intel,0.527075231,17312000
10/1/89,Intel,0.564100862,39539200
11/1/89,Intel,0.579347134,18195200
12/1/89,Intel,0.614195108,91065600
1/1/90,Intel,0.62726301,63833600
2/1/90,Intel,0.679534554,44828800
3/1/90,Intel,0.707848608,89718400
4/1/90,Intel,0.725272536,77910400
5/1/90,Intel,0.69042474,31152000
6/1/90,Intel,0.827638328,61049600
7/1/90,Intel,0.827638328,36518400
8/1/90,Intel,0.740518451,68611200
9/1/90,Intel,0.583702683,42582400
10/1/90,Intel,0.592414796,74070400
11/1/90,Intel,0.583702683,30390400
12/1/90,Intel,0.657754958,62732800
1/1/91,Intel,0.67082268,27174400
2/1/91,Intel,0.818926752,110697600
3/1/91,Intel,0.831994772,46179200
4/1/91,Intel,0.827638328,42345600
5/1/91,Intel,0.845062315,81126400
6/1/91,Intel,1.019302249,115529600
7/1/91,Intel,0.792790592,88124800
8/1/91,Intel,0.864664137,100476800
9/1/91,Intel,0.845062315,65075200
10/1/91,Intel,0.716560841,37068800
11/1/91,Intel,0.729628801,120761600
12/1/91,Intel,0.729628801,37974400
1/1/92,Intel,0.875554621,76608000
2/1/92,Intel,1.041082382,37724800
3/1/92,Intel,1.145626068,49091200
4/1/92,Intel,0.971386731,116704000
5/1/92,Intel,0.916936159,31638400
6/1/92,Intel,0.888622344,41945600
7/1/92,Intel,1.010589957,45616000
8/1/92,Intel,1.060684562,44464000
9/1/92,Intel,1.030191541,68992000
10/1/92,Intel,1.110778213,40304000
11/1/92,Intel,1.182235122,30457600
12/1/92,Intel,1.273847342,64393600
1/1/93,Intel,1.509421229,59820800
2/1/93,Intel,1.943032742,102080000
3/1/93,Intel,2.012893915,97376000
4/1/93,Intel,1.947398067,104662400
5/1/93,Intel,1.695977569,69446400
6/1/93,Intel,2.019436836,134483200
7/1/93,Intel,1.888304591,75560000
8/1/93,Intel,1.842003107,31742400
9/1/93,Intel,2.222652435,45500800
10/1/93,Intel,2.555175543,81172800
11/1/93,Intel,2.21564889,28537600
12/1/93,Intel,2.198134184,85136000
1/1/94,Intel,2.145588398,45019200
2/1/94,Intel,2.265553713,79480000
3/1/94,Intel,2.34005022,70532800
4/1/94,Intel,2.357578039,67182400
5/1/94,Intel,2.122701883,69673600
6/1/94,Intel,2.266883612,85726400
7/1/94,Intel,2.070072651,58856000
8/1/94,Intel,2.094174623,61104000
9/1/94,Intel,2.256615877,79297600
10/1/94,Intel,2.116125584,74857600
11/1/94,Intel,2.157835722,27600000
12/1/94,Intel,2.201784611,199961600
1/1/95,Intel,2.241337061,41721600
2/1/95,Intel,2.485153437,75233600
3/1/95,Intel,2.771054983,65336000
4/1/95,Intel,3.114139795,94400000
5/1/95,Intel,3.66623354,115844800
6/1/95,Intel,4.040338993,117364800
7/1/95,Intel,4.458456039,13020800
8/1/95,Intel,4.456645489,94556800
9/1/95,Intel,4.289302826,34721600
10/1/95,Intel,4.16599369,59953600
11/1/95,Intel,4.992450237,76340800
12/1/95,Intel,4.300644398,58219200
1/1/96,Intel,4.133199215,62854400
2/1/96,Intel,3.968673944,66874400
3/1/96,Intel,3.955446959,145034400
4/1/96,Intel,4.030408859,28519200
5/1/96,Intel,4.791633606,52056800
6/1/96,Intel,5.409340858,69614400
7/1/96,Intel,5.3034482,35018400
8/1/96,Intel,5.439547062,81130400
9/1/96,Intel,5.766272545,50458400
10/1/96,Intel,6.764110565,55946400
11/1/96,Intel,7.686154366,61486400
12/1/96,Intel,8.98484993,62268000
1/1/97,Intel,9.214552879,97639200
2/1/97,Intel,11.58607674,77328000
3/1/97,Intel,10.31346512,82524000
4/1/97,Intel,9.84949398,90782400
5/1/97,Intel,10.87394619,96868000
6/1/97,Intel,10.59104919,186443200
7/1/97,Intel,9.835177422,120094400
8/1/97,Intel,13.24773598,87386800
9/1/97,Intel,13.45114708,50916400
10/1/97,Intel,13.19468594,74075600
11/1/97,Intel,11.11150742,66579600
12/1/97,Intel,11.53614712,69122000
1/1/98,Intel,10.2799139,40927200
2/1/98,Intel,11.76177597,62426000
3/1/98,Intel,12.40782833,71733600
4/1/98,Intel,10.97411537,60100800
5/1/98,Intel,11.63342381,45786400
6/1/98,Intel,9.632543564,108380000
7/1/98,Intel,10.65069199,69999600
8/1/98,Intel,12.01411629,55863600
9/1/98,Intel,10.76973057,109021200
10/1/98,Intel,11.82367134,61390000
11/1/98,Intel,13.01046371,52581200
12/1/98,Intel,16.30350876,76924400
1/1/99,Intel,17.12754631,65404800
2/1/99,Intel,19.54649925,52246000
3/1/99,Intel,16.60330772,128595600
4/1/99,Intel,17.14405251,32888800
5/1/99,Intel,17.90640068,29665000
6/1/99,Intel,14.38530159,57058600
7/1/99,Intel,17.8441658,61648600
8/1/99,Intel,20.2387619,77483200
9/1/99,Intel,23.68961906,53947000
10/1/99,Intel,21.27629471,37753600
11/1/99,Intel,21.57795906,45868200
12/1/99,Intel,21.67508316,45556600
1/1/00,Intel,24.71065331,57710200
2/1/00,Intel,28.81134796,48051400
3/1/00,Intel,32.9219017,40813000
4/1/00,Intel,37.11261749,50071600
5/1/00,Intel,36.11821747,42389800
6/1/00,Intel,36.85539246,45978400
7/1/00,Intel,38.89795685,15083800
8/1/00,Intel,36.7310524,25001100
9/1/00,Intel,42.03729248,18322000
10/1/00,Intel,22.81313705,66785700
11/1/00,Intel,25.51375961,47654600
12/1/00,Intel,19.41014099,1155400
1/1/01,Intel,17.66820717,50342900
2/1/01,Intel,21.50757408,50297000
3/1/01,Intel,16.57544899,56268300
4/1/01,Intel,14.68136978,44925500
5/1/01,Intel,17.74498367,37209500
6/1/01,Intel,16.36659431,60601900
7/1/01,Intel,17.11829376,38578300
8/1/01,Intel,17.51123047,45023900
9/1/01,Intel,15.29982567,54390700
10/1/01,Intel,11.40221882,44631700
11/1/01,Intel,14.78128338,54534000
12/1/01,Intel,18.27111244,43008300
1/1/02,Intel,18.81856918,42357300
2/1/02,Intel,19.7708931,39369800
3/1/02,Intel,17.67704582,58489400
4/1/02,Intel,17.7854538,32592200
5/1/02,Intel,16.33614731,46014800
6/1/02,Intel,15.20016193,34869600
7/1/02,Intel,10.01542854,48681300
8/1/02,Intel,10.02685261,55134100
9/1/02,Intel,9.066993713,58140400
10/1/02,Intel,8.386683464,68218600
11/1/02,Intel,10.46191406,85017800
12/1/02,Intel,12.04689789,83017000
1/1/03,Intel,9.551672935,57135100
2/1/03,Intel,9.030879974,43773800
3/1/03,Intel,9.546707153,58274100
4/1/03,Intel,9.409182549,45993300
5/1/03,Intel,10.6182785,52929100
6/1/03,Intel,11.69067955,73472400
7/1/03,Intel,12.2815218,64496600
8/1/03,Intel,14.35234165,48494900
9/1/03,Intel,16.49939537,58841200
10/1/03,Intel,16.43623734,59519900
11/1/03,Intel,19.54208755,53324900
12/1/03,Intel,19.5537014,47063000
1/1/04,Intel,18.4737587,37343200
2/1/04,Intel,17.41680145,65039500
3/1/04,Intel,17.07666016,65372800
4/1/04,Intel,15.74802494,55051700
5/1/04,Intel,14.97730732,61588700
6/1/04,Intel,16.31927109,51164300
7/1/04,Intel,15.56466103,68757000
8/1/04,Intel,14.34345245,67142500
9/1/04,Intel,12.36504841,61731300
10/1/04,Intel,12.03039169,73823500
11/1/04,Intel,12.9478159,49790900
12/1/04,Intel,13.35225582,84149400
1/1/05,Intel,13.33491135,64246900
2/1/05,Intel,13.08058643,67031800
3/1/05,Intel,14.2814455,84308400
4/1/05,Intel,13.34751892,68253800
5/1/05,Intel,13.66076183,41187800
6/1/05,Intel,15.88357258,77530200
7/1/05,Intel,15.25497532,30414000
8/1/05,Intel,15.77880096,34737200
9/1/05,Intel,14.74485016,49495400
10/1/05,Intel,14.35958672,49168200
11/1/05,Intel,13.22133255,84900700
12/1/05,Intel,15.92009544,49840000
1/1/06,Intel,14.97707653,56401200
2/1/06,Intel,12.62244129,71658400
3/1/06,Intel,12.2408886,80722800
4/1/06,Intel,11.38755894,73344300
5/1/06,Intel,11.46994781,75869800
6/1/06,Intel,10.67108727,76997200
7/1/06,Intel,11.45189953,25048100
8/1/06,Intel,10.44631386,39658000
9/1/06,Intel,11.82672596,68302800
10/1/06,Intel,12.15987492,51710400
11/1/06,Intel,12.50492477,57883600
12/1/06,Intel,12.51188087,65117600
1/1/07,Intel,12.16515541,69001200
2/1/07,Intel,12.6194849,50473200
3/1/07,Intel,11.77350235,108287900
4/1/07,Intel,11.4970417,54240600
5/1/07,Intel,13.10169601,60719800
6/1/07,Intel,13.50786114,48706100
7/1/07,Intel,14.66170692,48790600
8/1/07,Intel,14.37778091,92766600
9/1/07,Intel,15.8894434,77887400
10/1/07,Intel,16.00476074,54672800
11/1/07,Intel,16.08366013,86590500
12/1/07,Intel,15.99939156,56131600
1/1/08,Intel,15.45083904,84278800
2/1/08,Intel,13.26882458,66087600
3/1/08,Intel,12.27019405,75603600
4/1/08,Intel,13.47206783,55507200
5/1/08,Intel,14.28149319,71506000
6/1/08,Intel,14.31127548,50569500
7/1/08,Intel,13.30577946,66857400
8/1/08,Intel,13.78693962,42123200
9/1/08,Intel,14.0159483,44071100
10/1/08,Intel,11.49581146,74450600
11/1/08,Intel,9.708127975,54065800
12/1/08,Intel,7.864006042,60830800
1/1/09,Intel,9.5169487,52208200
2/1/09,Intel,8.533950806,69886500
3/1/09,Intel,7.786878586,64495900
4/1/09,Intel,9.507452965,75052800
5/1/09,Intel,10.00085545,50861600
6/1/09,Intel,10.52577591,75465600
7/1/09,Intel,10.87025738,92515000
8/1/09,Intel,12.35662651,44330800
9/1/09,Intel,12.67171955,74478300
10/1/09,Intel,12.14480209,70648800
11/1/09,Intel,12.21548843,63613700
12/1/09,Intel,12.72950077,47225800
1/1/10,Intel,13.51942825,47800900
2/1/10,Intel,12.69712353,50338300
3/1/10,Intel,13.62104511,51203300
4/1/10,Intel,14.61308479,45491000
5/1/10,Intel,15.1809063,55449900
6/1/10,Intel,13.92086411,57164500
7/1/10,Intel,12.65233898,88020000
8/1/10,Intel,13.90114689,50316200
9/1/10,Intel,12.01373196,73611500
10/1/10,Intel,12.79521942,41275000
11/1/10,Intel,13.62306881,51593700
12/1/10,Intel,14.33711243,52939300
1/1/11,Intel,13.91660404,58223800
2/1/11,Intel,14.33711243,60971000
3/1/11,Intel,14.39791775,57987400
4/1/11,Intel,13.27381134,82621500
5/1/11,Intel,15.42104912,71970500
6/1/11,Intel,14.92480183,56011400
7/1/11,Intel,15.2843523,35837100
8/1/11,Intel,15.08761692,51674300
9/1/11,Intel,13.69361591,40781200
10/1/11,Intel,14.12518215,95768300
11/1/11,Intel,16.37205887,68002400
12/1/11,Intel,17.22242355,51820400
1/1/12,Intel,16.95980835,44845600
2/1/12,Intel,18.34893227,46330600
3/1/12,Intel,18.71151352,39413000
4/1/12,Intel,19.77039146,28853500
5/1/12,Intel,20.16746712,43316200
6/1/12,Intel,17.6402626,40246400
7/1/12,Intel,18.71383095,21739700
8/1/12,Intel,18.19459534,29207700
9/1/12,Intel,17.28515244,40688000
10/1/12,Intel,16.1101532,55261300
11/1/12,Intel,15.75623894,50359300
12/1/12,Intel,13.97347164,50637000
1/1/13,Intel,15.28929615,47623000
2/1/13,Intel,15.27498817,31867100
3/1/13,Intel,15.20063686,45695700
4/1/13,Intel,15.48976421,33718100
5/1/13,Intel,17.34014511,38373800
6/1/13,Intel,18.41550446,76493500
7/1/13,Intel,17.43052864,29698200
8/1/13,Intel,16.92709923,37832700
9/1/13,Intel,16.26019096,26427300
10/1/13,Intel,16.82012177,25888800
11/1/13,Intel,17.92525673,28302100
12/1/13,Intel,17.6245594,25685300
1/1/14,Intel,19.17879295,31833300
2/1/14,Intel,17.81047249,52868200
3/1/14,Intel,18.39322662,25728500
4/1/14,Intel,19.51182747,23778700
5/1/14,Intel,19.85717583,19755200
6/1/14,Intel,20.64112282,20264900
7/1/14,Intel,23.45789146,28240000
8/1/14,Intel,25.54774284,33472400
9/1/14,Intel,26.35033989,32094800
10/1/14,Intel,25.9082489,35086600
11/1/14,Intel,26.15215683,28703600
12/1/14,Intel,28.51790619,30904000
1/1/15,Intel,27.8964653,23605600
2/1/15,Intel,25.81727028,38733800
3/1/15,Intel,26.31927109,25406400
4/1/15,Intel,23.80788803,31532100
5/1/15,Intel,25.82471848,27091200
6/1/15,Intel,26.39283752,46734500
7/1/15,Intel,23.48970222,27178900
8/1/15,Intel,22.61019897,26213600
9/1/15,Intel,21.83274651,44144000
10/1/15,Intel,23.54357529,29832800
11/1/15,Intel,26.76904488,21743100
12/1/15,Intel,27.73212242,23560200
1/1/16,Intel,26.86277771,27882200
2/1/16,Intel,24.357481,19015100
3/1/16,Intel,24.21309853,25502600
4/1/16,Intel,25.87141418,18049700
5/1/16,Intel,24.40444374,21086600
6/1/16,Intel,25.45960999,17753500
7/1/16,Intel,26.33613777,17084600
8/1/16,Intel,28.02486992,18824400
9/1/16,Intel,29.18529701,18925800
10/1/16,Intel,30.51411247,14113600
11/1/16,Intel,27.9699192,25368200
12/1/16,Intel,27.56122971,29618700
1/1/17,Intel,29.87977409,20196500
2/1/17,Intel,29.81445885,28380600
3/1/17,Intel,29.54219437,34085900
4/1/17,Intel,29.73130608,32013600
5/1/17,Intel,29.85463905,24825600
6/1/17,Intel,29.91936302,17510900
7/1/17,Intel,27.71599197,12676900
8/1/17,Intel,30.1098671,38710200
9/1/17,Intel,29.28436279,12822000
10/1/17,Intel,32.58084869,37394500
11/1/17,Intel,38.98184586,47813700
12/1/17,Intel,37.50867462,26656300
1/1/18,Intel,39.3303833,23370800
2/1/18,Intel,40.00199127,28840400
3/1/18,Intel,40.43395615,36326600
4/1/18,Intel,41.34675598,67187800
5/1/18,Intel,45.07405472,27600800
6/1/18,Intel,48.52195358,31183200
7/1/18,Intel,42.67347717,23755500
8/1/18,Intel,41.49188614,28060700
9/1/18,Intel,41.01725769,15682900
10/1/18,Intel,39.72584915,23796200
11/1/18,Intel,41.23962402,28335300
12/1/18,Intel,43.14294434,30870400
1/1/19,Intel,40.51805115,18774600
2/1/19,Intel,41.93806839,37442900
3/1/19,Intel,46.16186905,18359300
4/1/19,Intel,47.20982361,17830400
5/1/19,Intel,43.96203613,20467600
6/1/19,Intel,37.87019348,31155700
7/1/19,Intel,41.86982346,27423300
8/1/19,Intel,43.1333313,34020800
9/1/19,Intel,41.21384811,15003800
10/1/19,Intel,44.52990723,18413100
11/1/19,Intel,49.57417297,17953500
12/1/19,Intel,50.86142349,19154500
1/1/20,Intel,53.66646957,18056000
2/1/20,Intel,56.82435608,16646600
3/1/20,Intel,51.57283783,43140300
4/1/20,Intel,45.98829651,29586600
5/1/20,Intel,50.94347382,21194800
6/1/20,Intel,55.14468002,14317700
7/1/20,Intel,52.42576981,14748100
8/1/20,Intel,43.05670929,31767100
9/1/20,Intel,45.58388901,30472800
10/1/20,Intel,46.88526154,22127600
11/1/20,Intel,39.90273285,33856700
12/1/20,Intel,44.80348587,57768000
1/1/21,Intel,44.90293503,46102500
2/1/21,Intel,51.2491951,26926600
3/1/21,Intel,57.19015503,28495400
4/1/21,Intel,58.7090416,31416300
5/1/21,Intel,52.07869339,22281700
6/1/21,Intel,52.06085205,20326400
7/1/21,Intel,51.2555542,24871600
8/1/21,Intel,49.12334061,18098100
9/1/21,Intel,49.43335724,18615000
10/1/21,Intel,49.60835648,19895100
11/1/21,Intel,45.63858414,28013700
12/1/21,Intel,45.07486343,35093500
1/1/22,Intel,49.35048676,33857600
2/1/22,Intel,45.39948273,35386100
3/1/22,Intel,43.75476837,53853000
4/1/22,Intel,44.96031189,46598600
5/1/22,Intel,42.01654053,45446500
6/1/22,Intel,41.54803467,29885500
7/1/22,Intel,34.22932816,40596300
8/1/22,Intel,34.81331635,52513400
9/1/22,Intel,30.21735001,36440700
10/1/22,Intel,25.66000748,44096200
11/1/22,Intel,26.9254055,44418700
12/1/22,Intel,28.76440811,38896300
1/1/23,Intel,25.77514458,31308000
2/1/23,Intel,28.03155518,63330600
3/1/23,Intel,24.72277451,47823400
4/1/23,Intel,32.10154343,57038300
5/1/23,Intel,29.57363129,36918500
6/1/23,Intel,30.50815392,52667400
7/1/23,Intel,32.94841385,15753000
8/1/23,Intel,35.08486557,24702200
9/1/23,Intel,36.00777054,43782600
10/1/23,Intel,34.87668228,26086200
11/1/23,Intel,36.67658234,41710700
12/1/23,Intel,43.16194153,43922500
1/1/24,Intel,47.16828537,45905700
2/1/24,Intel,42.78696442,38819900
3/1/24,Intel,43.36763,41396900
4/1/24,Intel,44.06040192,31712600
5/1/24,Intel,30.0564785,60654800
6/1/24,Intel,30.09906387,35544900
7/1/24,Intel,30.64559746,32401800
8/1/24,Intel,28.86687851,107672500
9/1/24,Intel,20.10000038,115305500
10/1/24,Intel,22.69000053,86344400
11/1/24,Intel,23.20000076,173471100
12/1/24,Intel,23.93000031,150497900
1/1/25,Intel,20.21999931,46438500
2/1/25,Intel,19.37999916,77523100
3/1/25,Intel,22.73999977,141348700
4/1/25,Intel,22.04999924,64060400
5/1/25,Intel,19.97999954,72607500
6/1/25,Intel,19.73999977,67885500